type,omnianame,spinename,peganame,freshness,typelimit,typesourceTimeZone,typetargetTimeZone,typename
BooleanString,cep_customer_features.acct_clse_flag,ACCT_CLSE,hasAccountsClosed,P2D,,,,
Integer,cep_customer_features.acct_dep_code_cnt,ACCT_DEP_CODE_CNT,NumAcctDepositCode,P2D,,,,
BooleanString,cep_customer_features.gdw_trig_acct_in_coll_flag,ACCT_IN_COLL_FLAG,AcctInCollFlag,P2D,,,,
String,cep_customer_features.gdw_acct_orig_chnl,ACCT_ORIG_CHANNEL,AcctOrigChannel,P1D,255,,,
String,cep_customer_features.sap_ods_bp_id,ACTV_BUSINESS_PARTNER_ID,ActvBusinessPartnerID,P1D,100,,,
Date,cep_customer_features.cust_last_adrs_chng_date,ADRS_LAST_UPD_DATE,AddressLastUpdateDate,P2D,,,,
Date,cep_customer_features.cmse_low_lat_afs_appt_last_dcln_date,AF_APPT_LAST_DECL_DATE,AFAppLastDeclineDate,P2D,,,,
Integer,cep_customer_features.sap_cust_age_in_mnth,AGE_IN_MONTHS,CustomerAgeInMonths,P1D,,,,
BooleanString,cep_customer_features.age_unkn_flag,AGE_UNKN_F,IsAgeUnknown,P2D,,,,
BooleanString,cep_customer_features.alnc_ptnr_flag,ALNC_PTNR_FLAG,AlliancePartnerFlag,P2D,,,,
BooleanString,cep_customer_features.andr_dvic_cust_flag,ANDR_DVIC_CUST_FLAG,AndroidCustFlag,P2D,,,,
BooleanString,cep_customer_features.andr_mobl_regr_dvic,ANDR_MOBL_REGR_DVIC,AndrMoblRegrFlag,P2D,,,,
String,cep_customer_features.anzi_code,ANZI_CODE,ANZSICIndustryCode,P2D,10,,,
String,cep_customer_features.anzi_divn_code,ANZI_DIVN_CODE,ANZSICIndustryDivision,P2D,10,,,
BooleanString,cep_customer_features.apple_pay_use,APPLE_PAY_USE,ApplePayUse,P1D,,,,
Date,cep_customer_features.ap_prvn_date,AP_PRVN_DATE,CardProvisioningDate,P1D,,,,
BooleanString,cep_customer_features.ap_prvn_not_comp_f,AP_PRVN_NOT_COMP_F,ProvisionNotCompleted,P1D,,,,
Date,cep_customer_features.aust_arrival_date,AUST_ARRIVAL_DATE,AustArrivalDate,P1D,,,,
BooleanString,cep_customer_features.autr_cpln_6m_flag,AUTR_CPLN_6M_FLAG,AustracComplaintFlag6M,P2D,,,,
Double,cep_customer_features.avg_3_mnth_slry,AVG_3_MNTH_SLRY_AMT,Average3MonthSalary,P2D,,,,
Double,cep_customer_features.avg_6_mnth_slry,AVG_6_MNTH_SLRY_AMT,Average6MonthSalary,P2D,,,,
BooleanString,cep_customer_features.bad_qual_acct_cr_flag,BAD_QUAL_ACCT_CR_F,hasBadQualityCreditAccount,P2D,,,,
BooleanString,cep_customer_features.bad_qual_acct_flag,BAD_QUAL_ACCT_F,hasBadQualityAccount,P2D,,,,
BooleanString,cep_customer_features.bass_cust_flag,BASS_MNGD_CUST_FLAG,IsBASSManagedCust,P1D,,,,
String,cep_customer_features.bbl_elgl_code,BBL_ELGL_CODE,BBLElglCode,P2D,2,,,
Double,cep_customer_features.bbl_tot_amt,BBL_TOT_AMT,BBLTotalAmount,P2D,,,,
Double,cep_customer_features.bbl_us_amt,BBL_US_AMT,BBLUnsecuredAmount,P2D,,,,
BooleanString,cep_customer_features.benf_only_cust_flag,BEN_ONLY_CUST_F,IsBeneficiaryOnly,P2D,,,,
BooleanString,cep_customer_features.sap_cust_bday_tmrw_flag,BIRTHDAY_FLAG,IsBirthdayToday,P1D,,,,
Double,cep_customer_features.bpb_afcar_eu_sg_prop,BPB_AFCAR_EU_SG_PROP,BPBAssetFinanceCarUpsellProp,P2D,,,,
Double,cep_customer_features.bpb_afcar_ex_sg_prop,BPB_AFCAR_EX_SG_PROP,BPBCarFinanceCrossSellProp,P2D,,,,
Double,cep_customer_features.bpb_afequip_eu_sg_prop,BPB_AFEQUIP_EU_SG_PROP,BPBAssetFinanceEquipUpsellProp,P2D,,,,
Double,cep_customer_features.bpb_afequip_ex_sg_prop,BPB_AFEQUIP_EX_SG_PROP,BPBEquipFinanceCrossSellProp,P2D,,,,
Double,cep_customer_features.bpb_bbl_eu_sg_prop,BPB_BBL_EU_SG_PROP,BPBBBLUpsellPropensity,P2D,,,,
Double,cep_customer_features.bpb_bbl_ex_sg_prop,BPB_BBL_EX_SG_PROP,BPBBBLCrossSellPropensity,P2D,,,,
Double,cep_customer_features.bpb_bbl_r_a_prop,BPB_BBL_R_A_PROP,BPBBBLRetentionPropensity,P2D,,,,
Double,cep_customer_features.bpb_bta_eu_sg_prop,BPB_BTA_EU_SG_PROP,BPBBTAUpsellPropensity,P2D,,,,
Double,cep_customer_features.bpb_bta_ex_sg_prop,BPB_BTA_EX_SG_PROP,BPBBTACrossSellPropensity,P2D,,,,
Double,cep_customer_features.bpb_hlio_e_p_prop,BPB_HLIO_E_P_PROP,BPBHLInterestOnlyPropensity,P2D,,,,
Double,cep_customer_features.bpb_hlpi_e_p_prop,BPB_HLPI_E_P_PROP,BPBHomeLoanPAndIPropensity,P2D,,,,
BooleanString,cep_customer_features.bpb_wtch_list_flag,BPB_WTCH_LIST_FLAG,BPBWatchListFlag,P1D,,,,
Integer,cep_customer_features.pj_prsl_tran_trnf_brch_last_1_mnth_cnt,BRCH_TRAN_LAST_1_MNTH_CNT,CountOfBranchTran1Month,P2D,,,,
String,cep_customer_features.gdw_bsb_orig,BSB_ORIGIN,BSBOrigin,P2D,10,,,
String,cep_customer_features.gdw_bsb_desc,BSB_ORIGIN_DESC,BSBOriginDesc,P1D,255,,,
String,cep_customer_features.gdw_busn_bank_spec_idnn,BUSN_BANK_SPEC_IDNN,BusnBankSpecIdnn,P2D,40,,,
Integer,cep_customer_features.crcd_busn_cnt_pdct_card_schm_othr,BUSN_CNT_PDCT_CARD_SCHM_OTHR,BusCountOtherCreditCards,P2D,,,,
BooleanString,cep_customer_features.busn_cust_flag,BUSN_CUST_F,IsBusinessCustomer,P2D,,,,
DenseDate,cep_customer_features.crcd_busn_min_plas_mc_issu_date,BUSN_MIN_PLAS_MC_ISSU_DATE,BusMinIssueDateMC,P2D,,,,
DenseDate,cep_customer_features.crcd_busn_min_plas_visa_issu_date,BUSN_MIN_PLAS_VISA_ISSU_DATE,BusMinIssueDateVisa,P2D,,,,
String,cep_customer_features.busn_pd_rating,BUSN_PD_RATING,BusinessPDRating,P1D,5,,,
BooleanString,cep_customer_features.busn_ptnr_type_c,BUSN_PTNR_TYPE_C,BusinessPartnerCode,P1D,,,,
Date,cep_customer_features.busn_revw_ltst_date,BUSN_REVW_LTST_DATE,LatestBusnRevwDate,P1D,,,,
String,cep_customer_features.busn_unit,BUSN_UNIT,BusinessUnitRvmp,P1D,256,,,
DenseDate,cep_customer_features.capp_frst_logn_date,CAPP_FRST_LOGN_DATE,CommbankAppFirstLoginDate,P2D,,,,
BooleanString,cep_customer_features.card_prvn_omnia,CARD_PRVN,CardPrvn,P1D,,,,
BooleanString,cep_customer_features.staf_flag,CBA_STAFF_F,IsStaff,P2D,,,,
BooleanString,cep_customer_features.cbz_flag,CBZ_FLAG,HasCommbiz,P1D,,,,
Integer,cep_customer_features.ccl_last_appt_stus_code,CCL_LAST_APPT_STUS_CODE,CCLLastApptStatusCode,P1D,,,,
DateTime,cep_customer_features.ccl_last_appt_updt_date,CCL_LAST_APPT_STUS_DATE,CCLLastApptStatusDate,P1D,,Australia/Sydney,Australia/Sydney,
String,cep_customer_features.ccl_last_appt_stus_desc,CCL_LAST_APPT_STUS_DESC,CCLLastApptStatusDesc,P1D,255,,,
DateTime,cep_customer_features.ccl_last_dcln_date,CCL_LAST_DCLN_DATE,CCLLastDeclineDate,P1D,,Australia/Sydney,Australia/Sydney,
Integer,cep_customer_features.cmse_cc_app_chnl_id,CC_APPT_CHNL_ID,CCApplicationChannelID,P2D,,,,
String,cep_customer_features.cmse_cc_app_id,CC_APPT_ID,CCApplicationID,P2D,20,,,
DateTime,cep_customer_features.cmse_low_lat_cc_app_ltst_dcln_date,CC_APPT_LAST_DECL_DATE,CCApplicationLastDeclineDate,P1D,,Australia/Sydney,Australia/Sydney,
String,cep_customer_features.cc_appt_pdct_schm,CC_APPT_PDCT_SCHM,AppCCPdctSchm,P1D,150,,,
String,cep_customer_features.cc_appt_pdct_tier,CC_APPT_PDCT_TIER,AppCCCardTier,P1D,150,,,
String,cep_customer_features.cc_appt_pdct_type,CC_APPT_PDCT_TYPE,AppCCPdctType,P1D,150,,,
BooleanString,cep_customer_features.cc_arrs_high_svrt_flag,CC_ARRS_HIGH_SVRT_FLAG,CCHighSvrtFlag,P2D,,,,
BooleanString,cep_customer_features.cc_arrs_low_svrt_flag,CC_ARRS_LOW_SVRT_FLAG,CCLowSvrtFlag,P2D,,,,
Integer,cep_customer_features.crcd_busn_cnt_totl,CC_BUS_CNT_NUM,CCBusinessCount,P2D,,,,
Double,cep_customer_features.crcd_busn_max_cr_limt_usge,CC_BUS_MAX_USAGE,MaxCreditCardUsageBusiness,P2D,,,,
Double,cep_customer_features.crcd_busn_min_cr_limt_usge,CC_BUS_MIN_USAGE,MinCreditCardUsageBusiness,P2D,,,,
Integer,cep_customer_features.cmse_cc_app_ltst_stus,CC_LAST_APPT_STUS_CODE,CCApplicationStatus,P2D,,,,
DenseDateTime,cep_customer_features.cmse_cc_app_last_updt_date,CC_LAST_APPT_UPDT_DATE,CCApplicationLastUpdateDate,P2D,,Australia/Sydney,Australia/Sydney,
Integer,cep_customer_features.cmse_low_lat_cc_app_chnl_id,CC_LST_APPT_CHNL_ID,CCAppChannelID,P1D,,,,
String,cep_customer_features.cmse_low_lat_cc_app_id,CC_LST_APPT_ID,CCAppID,P1D,17,,,
Integer,cep_customer_features.cmse_low_lat_cc_app_ltst_stus,CC_LST_APPT_STUS_CODE,CCAppStatus,P1D,,,,
String,cep_customer_features.cmse_low_lat_cc_app_ltst_stus_desc,CC_LST_APPT_STUS_DESC,CCLastApplicationStatusDesc,P1D,100,,,
DateTime,cep_customer_features.cmse_low_lat_cc_app_last_updt_date,CC_LST_APPT_UPDT_DATE,CCAppLastUpdateDate,P1D,,Australia/Sydney,Australia/Sydney,
Integer,cep_customer_features.crcd_prsl_cnt_totl,CC_PERS_CNT_NUM,CCPersonalCount,P2D,,,,
Double,cep_customer_features.crcd_prsl_max_cr_limt_usge,CC_PERS_MAX_USAGE,MaxCreditCardusagePersonal,P2D,,,,
Double,cep_customer_features.cc_pre_approved_amount,CC_PREAPPROVED_AMOUNT,CcPreApprovedAmount,P1M,,,,
Integer,cep_customer_features.cc_pre_approved_score,CC_PREAPPROVED_SCORE,CcPreApprovedScore,P1M,,,,
Double,cep_customer_features.crcd_prsl_min_cr_limt_usge,CC_PRS_MIN_USAGE,MinCreditCardUsagePersonal,P2D,,,,
Date,cep_customer_features.cc_risk_file_last_update,CC_RISK_FILE_LAST_UPDATE_DATE,CcRiskFileLastUpdateDate,P1M,,,,
Integer,cep_customer_features.pj_onb_cdia_offr_1156_cnt,CDIA_OFFR_1156_CNT,CountCDIAOffer1156,P2D,,,,
BooleanString,cep_customer_features.gdw_trig_cep_natl_rolt,CEP_NATL_ROLLOUT_FLAG,CepNatlRollOutFlag,P2D,,,,
BooleanString,cep_customer_features.gdw_cfp_flag_v2,CFP_FLAG,CfpFlag,P2D,,,,
String,cep_customer_features.cfp_cln_catg,CFP_XPLAN_CLIENT_CATEGORY,CfpXplanClientCategory,P7D,255,,,
String,cep_customer_features.cfp_enty_clsu,CFP_XPLAN_ENTITY_STATUS,CfpXplanEntityStatus,P7D,255,,,
String,cep_customer_features.cibi_insr_home,CIBI_INSR_HOME,CIBIInsurerHome,P2D,50,,,
String,cep_customer_features.cibi_insr_motr,CIBI_INSR_MOTR,CIBIInsurerMotor,P2D,50,,,
String,cep_customer_features.cibi_insr_unkn,CIBI_INSR_UNKN,CIBIInsurerUnknown,P2D,50,,,
Date,cep_customer_features.cibi_next_rnew_home_date,CIBI_NEXT_RNEW_HOME_DATE,CIBINextRnewHomeDate,P2D,,,,
Date,cep_customer_features.cibi_next_rnew_motr_date,CIBI_NEXT_RNEW_MOTR_DATE,CIBINextRnewMotorDate,P2D,,,,
Date,cep_customer_features.cibi_next_rnew_unkn_date,CIBI_NEXT_RNEW_UNKN_DATE,CIBINextRnewUnknownDate,P2D,,,,
String,cep_customer_features.clg_prop_for_rent_flag,CLG_PROP_FOR_RENT_FLAG,ClgPropForRentFlag,P2D,1,,,
Date,cep_customer_features.clg_prop_for_rent_list_date,CLG_PROP_FOR_RENT_LIST_DATE,ClgPropForRentListDate,P2D,,,,
String,cep_customer_features.clg_prop_for_rent_list_pric,CLG_PROP_FOR_RENT_LIST_PRIC,ClgPropForRentListPrice,P2D,100,,,
String,cep_customer_features.clg_prop_for_rent_titl_flag,CLG_PROP_FOR_RENT_TITL_FLAG,ClgPropForRentTitleHolder,P2D,1,,,
String,cep_customer_features.clg_prop_for_sale_detl,CLG_PROP_FOR_SALE_DETL,CglPropForSaleAddressDetail,P2D,100,,,
String,cep_customer_features.clg_prop_for_sale_flag,CLG_PROP_FOR_SALE_FLAG,ClgPropForSaleFlag,P2D,1,,,
Date,cep_customer_features.clg_prop_for_sale_list_date,CLG_PROP_FOR_SALE_LIST_DATE,ClgPropForSaleListDate,P2D,,,,
String,cep_customer_features.clg_prop_for_sale_list_pric,CLG_PROP_FOR_SALE_LIST_PRIC,ClgPropForSaleListPrice,P2D,100,,,
String,cep_customer_features.clg_prop_for_sale_titl_flag,CLG_PROP_FOR_SALE_TITL_FLAG,ClgPropForSaleTitleHolder,P2D,1,,,
String,cep_customer_features.clg_prop_sold_flag,CLG_PROP_SOLD_FLAG,ClgPropSoldFlag,P2D,1,,,
Date,cep_customer_features.clg_prop_sold_list_date,CLG_PROP_SOLD_LIST_DATE,ClgPropSoldListDate,P2D,,,,
String,cep_customer_features.clg_prop_sold_list_pric,CLG_PROP_SOLD_LIST_PRIC,ClgPropSoldListPrice,P2D,100,,,
String,cep_customer_features.clg_prop_sold_titl_flag,CLG_PROP_SOLD_TITL_FLAG,ClgPropSoldTitleHolder,P2D,1,,,
String,cep_customer_features.clg_prop_titl_flag,CLG_PROP_TITL_FLAG,ClgPropTitleFlag,P2D,1,,,
BooleanString,cep_customer_features.cli_cnst_flag,CLI_CONSENT_F,IsCLIConsent,P2D,,,,
String,cep_customer_features.clst_brch,CLOSEST_BRANCH,ClosestBranch,P1D,255,,,
BooleanString,cep_customer_features.clse_cpln_extl_dspt_rslv_f,CLSE_CPLN_EXTL_DSPT_RSLV_F,ComplaintExtlDsptRslvFlag,P2D,,,,
BooleanString,cep_customer_features.clse_cpln_frnt_line_rslv_f,CLSE_CPLN_FRNT_LINE_RSLV_F,ComplaintFrntLineRslvFlag,P2D,,,,
BooleanString,cep_customer_features.clse_cpln_intr_dspt_rslv_f,CLSE_CPLN_INTR_DSPT_RSLV_F,ComplaintIntrDsptRslvFlag,P2D,,,,
BooleanString,cep_customer_features.clse_cpln_qwik_rslv_f,CLSE_CPLN_QWIK_RSLV_F,ComplaintQwikRslvFlag,P2D,,,,
BooleanString,cep_customer_features.clse_multi_cpln_f,CLSE_MULTI_CPLN_F,ComplaintMultiClseFlag,P2D,,,,
Integer,cep_customer_features.cmse_hl_tu_app_chnl_id,CMSE_HL_TU_CHNL_ID,HLTopUpAppChannel,P2D,,,,
DenseDateTime,cep_customer_features.cmse_hl_tu_app_last_updt_date,CMSE_HL_TU_CHNL_LAST_DATE,HLTopUpAppLastDate,P2D,,Australia/Sydney,Australia/Sydney,
Integer,cep_customer_features.cmse_hl_tu_app_ltst_stus,CMSE_HL_TU_LTST_STUS,HLTopUpAppStatus,P2D,,,,
BooleanString,cep_customer_features.gdw_trig_cncl_rate_payt_flag,CNCL_RATE_PAYT_FLAG,CnclRatesPaytFlag,P2D,,,,
Double,cep_customer_features.num_empl,CNT_EMPL_NUM,CountOfEmployers,P2D,,,,
Integer,cep_customer_features.crcd_prsl_cnt_blok_rcls_code_cli,CNT_PRSL_CC_BLOK_RCLS_CLI,CCBlockReclassCodeCountCLI,P2D,,,,
Integer,cep_customer_features.cpln_comp_bynd_past_180_days_cnt,COMP_BYND_PAST_180_DAYS_CNT,CountOfComplaintsBynd180,P2D,,,,
Integer,cep_customer_features.cpln_comp_past_0_to_30_days_cnt,COMP_PAST_0_30_DAYS_CNT,CountOfComplaints0To30,P2D,,,,
Integer,cep_customer_features.cpln_comp_past_120_to_150_days_cnt,COMP_PAST_120_150_DAYS_CNT,CountOfComplaints120To150,P2D,,,,
Integer,cep_customer_features.cpln_comp_past_150_to_180_days_cnt,COMP_PAST_150_180_DAYS_CNT,CountOfComplaints150To180,P2D,,,,
Integer,cep_customer_features.cpln_comp_past_30_to_60_days_cnt,COMP_PAST_30_60_DAYS_CNT,CountOfComplaints30To60,P2D,,,,
Integer,cep_customer_features.cpln_comp_past_60_to_90_days_cnt,COMP_PAST_60_90_DAYS_CNT,CountOfComplaints60To90,P2D,,,,
Integer,cep_customer_features.cpln_comp_past_90_to_120_days_cnt,COMP_PAST_90_120_DAYS_CNT,CountOfComplaints90To120,P2D,,,,
BooleanString,cep_customer_features.cond_aprd_crcd_limt_incs_flag,COND_APPR_CLI_F,CondApprForCCLimitIncrease,P2D,,,,
BooleanString,cep_customer_features.cond_aprd_prsl_ovdr_flag,COND_APPR_PO_F,CondApprForAPersonalOverdraft,P2D,,,,
BooleanString,cep_customer_features.gdw_trig_cond_aprd_crcd_flag,COND_APRD_CREDIT_CARD_FLAG,CondApprovedCreditCard,P2D,,,,
BooleanString,cep_customer_features.gdw_trig_cond_aprd_pl_flag,COND_APRD_PL_FLAG,CondApprovedPersonalLoan,P2D,,,,
BooleanString,cep_customer_features.corp_fncl_serv_cust,CORP_FNCL_SERV_CUST,CorpFnclServCustomers,P1D,,,,
Integer,cep_customer_features.afs_pdct_cnt,COUNT_ACTIVE_AF,AssetFinanceCount,P2D,,,,
Integer,cep_customer_features.sbo_pdct_cnt,COUNT_ACTIVE_SBO,SBOCount,P1D,,,,
Double,cep_customer_features.cnt_prsl_ovdr_acct,COUNT_PRSL_OVDR_ACCT_NUM,CountPersonalOverdraftAccount,P2D,,,,
Double,cep_customer_features.cnt_prsl_save_acct,COUNT_PRSL_SAV_ACCT_NUM,CountPersonalSavingsAccount,P2D,,,,
Double,cep_customer_features.cnt_prsl_trn_acct,COUNT_PRSL_TRAN_ACCT_NUM,CountPersonalTrxAccount,P2D,,,,
Integer,cep_customer_features.cnt_vloc_acct,COUNT_VLOC_NUM,VLOCCount,P2D,,,,
Double,cep_customer_features.cps_band_home,CPS_BAND_HOME,CPSBandHome,P60D,,,,
Double,cep_customer_features.cps_band_motr,CPS_BAND_MOTR,CPSBandMotor,P60D,,,,
Double,cep_customer_features.cps_t_band_home,CPS_T_BAND_HOME,CPSTBandHome,P60D,,,,
Double,cep_customer_features.cps_t_band_motr,CPS_T_BAND_MOTR,CPSTBandMotor,P60D,,,,
Integer,cep_customer_features.cust_chrt_id,CRB_CUSTOMER_COHORT_ID,CRBCustomerCohortID,P1D,,,,
Integer,cep_customer_features.crcd_prsl_cnt_apay_code,CRCD_APAY_CNT,CountCCWithAutopay,P2D,,,,
BooleanString,cep_customer_features.gdw_trig_crcd_appt_with_ofi_hl_flag,CRCD_APPT_WITH_OFI_HL_FLAG,CRCDApplnWithOFlHLFlag,P2D,,,,
Double,cep_customer_features.crcd_prsl_sum_totl_baln_curr,CRCD_PRSL_TOTL_BALN,CreditCardPrslTotalBalance,P2D,,,,
Integer,cep_customer_features.gcps_crcd_prsl_uact_mcrd_cnt,CRCD_PRSL_UACT_MC_CNT,CountUnactivatedPersMC,P2D,,,,
Integer,cep_customer_features.gcps_crcd_prsl_uact_visa_cnt,CRCD_PRSL_UACT_VISA_CNT,CountUnactivatedPersVisa,P2D,,,,
DenseDate,cep_customer_features.crs_compl_date,CRS_COMPL_DATE,CRSCompletionDate,P1D,,,,
BooleanString,cep_customer_features.crs_self_certificated,CRS_SELF_CERTIFICATED,CRSSelfCertificated,P1D,,,,
Double,cep_customer_features.csc_cr_c_risk_aprd_limt,CSC_CC_RISK_APRD_LIMT,CCRiskApprovedLimit,P1M,,,,
String,cep_customer_features.csc_cc_risk_stus,CSC_CC_RISK_STUS,CCRiskApprovalStatus,P1M,250,,,
Double,cep_customer_features.csc_prsl_l_risk_aprd_amt,CSC_PL_RISK_APRD_AMT,PLRiskApprovedAmount,P1M,,,,
String,cep_customer_features.csc_pl_risk_stus,CSC_PL_RISK_STUS,PLRiskApprovalStatus,P1M,250,,,
Date,cep_customer_features.cse_crcd_cli_cnst_date,CSE_CRCD_CLI_CNST_DATE,CLICnstDate,P2D,,,,
BooleanString,cep_customer_features.cse_crcd_cli_cnst_flag,CSE_CRCD_CLI_CNST_FLAG,CCHasCLIConsent,P2D,,,,
BooleanString,cep_customer_features.cse_cust_frau_inda_flag,CSE_CUST_FRAU_INDA_FLAG,FraudFlag,P2D,,,,
BooleanString,cep_customer_features.cse_cust_idnn_tkov_flag,CSE_CUST_IDNN_TKOV_FLAG,VictimIDTakeOverFlag,P2D,,,,
BooleanString,cep_customer_features.cse_cust_resi_stus_flag,CSE_CUST_RESI_STUS_FLAG,CustResidenceStatus,P1D,,,,
Date,cep_customer_features.cse_ltst_proa_inta_dat,CSE_LTST_PROA_INTA_DATE,CommseeProactiveIntaDate,P1D,,,,
BooleanString,cep_customer_features.cse_work_plac_flag,CSE_WORK_PLAC_FLAG,CseWorkPlacFlag,P2D,,,,
DenseDateTime,cep_customer_features.cse_yth_appt_dvic_regr_dtts,CSE_YTH_APPT_DVIC_REGR_DTTS,YouthAppRegTimestamp,P2D,,Australia/Sydney,Australia/Sydney,
BooleanString,cep_customer_features.cse_cust_abn_flag,CUST_ABN_FLAG,CustomerHasAbn,P1D,,,,
BooleanString,cep_customer_features.cust_acn_flag,CUST_ACN_FLAG,CustomerHasAcn,P1D,,,,
Date,cep_customer_features.dummy_feature_name,CUST_BRTH_DAY,Birthdate,P2D,,,,
String,cep_customer_features.cust_busn_unit,CUST_BUSN_UNIT,CustomerBusinessUnit,P2D,80,,,
String,cep_customer_features.cust_cntr_code,CUST_CNTR_CODE,CountryCode,P2D,20,,,
BooleanString,cep_customer_features.cust_crs_flag,CUST_CRS_FLAG,CustCRSFlag,P2D,,,,
String,customer_persona.cust_dominant_vs_idx,CUST_DOMINANT_VS_IDX,CustDominantVsIdx,P2D,251,,,
String,customer_persona.cust_dominant_vs_pop,CUST_DOMINANT_VS_POP,CustDominantVsPop,P2D,250,,,
Date,cep_customer_features.cust_estb_date,CUST_ESTB_DATE,EstablishmentDate,P2D,,,,
BooleanString,cep_customer_features.gdw_trig_cust_excl_for_stat_flag,CUST_EXCL_FOR_STAT_F,CustExclusionsForState,P2D,,,,
String,cep_customer_features.foot_band,CUST_FOOT_BAND,CustomerFootingBand,P2D,100,,,
DenseDate,cep_customer_features.cust_frst_acct_open_date,CUST_FRST_ACCT_DATE,CustomerFirstAcctDate,P1D,,,,
String,cep_customer_features.cust_gndr,CUST_GNDR_CODE,GenderCode,P2D,5,,,
BooleanString,cep_customer_features.cust_has_cfs_flag,CUST_HAS_CFS_FLAG,CustHasCFSProduct,P1D,,,,
BooleanString,cep_customer_features.cust_has_es_flag,CUST_HAS_ES_FLAG,CustHasESProduct,P1D,,,,
BooleanString,cep_customer_features.cust_has_gs_flag,CUST_HAS_GS_FLAG,CustHasGSProduct,P1D,,,,
BooleanString,cep_customer_features.cust_hrds_flag,CUST_HRDS_FLAG,FinancialHardshipFlag,P2D,,,,
BooleanString,cep_customer_features.cust_ifa_flag,CUST_IFA_FLAG,CustIFAFlag,P2D,,,,
String,cep_customer_features.cust_mari_stus,CUST_MARI_STUS_CODE,MaritalStatus,P2D,5,,,
BooleanString,cep_customer_features.cust_mfs_flag,CUST_MFS_FLAG,CustomerMFSFlag,P2D,,,,
BooleanString,cep_customer_features.cust_npp_clik_notc_me_flag,CUST_NPP_CLIK_NOTC_ME_FLAG,CustNppClikNotcMeFlag,P2D,,,,
String,cep_customer_features.cust_ntb_id,CUST_NTB_ID,CustomerNetbankId,P1D,30,,,
String,cep_customer_features.cust_paty_code,CUST_PATY_CODE,PatyCode,P2D,10,,,
String,cep_customer_features.dummy_feature_name,CUST_PHYS_LOCN,PhysicalLocation,P2D,30,,,
String,cep_customer_features.cust_post_code,CUST_POST_CODE,PostCode,P2D,10,,,
BooleanString,cep_customer_features.cust_regr_npp,CUST_REGR_NPP,CustRegrNPP,P2D,,,,
String,customer_persona.cust_sa1,CUST_SA1,CustSa1,P2D,102,,,
Date,cep_customer_features.gdw_onb_strt_d,CUST_START_DATE,StartDate,P1D,,,,
String,cep_customer_features.cust_stat_code,CUST_STAT_CODE,StateCode,P2D,30,,,
String,cep_customer_features.cust_stus_amlv,CUST_STUS_AMLV,CustStusAMLV,P2D,255,,,
String,cep_customer_features.cust_stus_fatc,CUST_STUS_FATC,StatusCodeFATC,P2D,255,,,
String,cep_customer_features.cust_surb,CUST_SURB,Suburb,P2D,100,,,
Date,cep_customer_features.cust_verf_date,CUST_VERF_DATE,CustomerVerificationDate,P2D,,,,
Double,cep_customer_features.cv30_clv,CV30_CLV,CV30RiskAdjustedRevenue,P2D,,,,
Double,cep_customer_features.cv30_crcd_low_rate_incr,CV30_CRCD_LOW_RATE_INCR,CV30CCLowRateIncremental,P2D,,,,
Double,cep_customer_features.cv30_crcd_prem_incr,CV30_CRCD_PREM_INCR,Cv30CCPremiumIncremental,P2D,,,,
Double,cep_customer_features.cv30_crcd_stnd_incr,CV30_CRCD_STND_INCR,CV30CCStandardIncremental,P2D,,,,
Double,cep_customer_features.cv30_hl_bsic_incr,CV30_HL_BSIC_INCR,CV30HLBasicIncremental,P2D,,,,
Double,cep_customer_features.cv30_hl_fix_incr,CV30_HL_FIX_INCR,CV30HLFixedIncremental,P2D,,,,
Double,cep_customer_features.cv30_hl_stnd_incr,CV30_HL_STND_INCR,CV30HLStandardIncremental,P2D,,,,
Double,cep_customer_features.cv30_insr_home_motr_incr,CV30_INSR_HOME_MOTR_INCR,Cv30InsuranceHomeMotrIncr,P2D,,,,
Double,cep_customer_features.cv30_insr_incm_loan_incr,CV30_INSR_INCM_LOAN_INCR,CV30InsuranceIncomeLoanIncr,P2D,,,,
Double,cep_customer_features.cv30_insr_life_trma_incr,CV30_INSR_LIFE_TRMA_INCR,CV30InsuranceLifeTraumaIncr,P2D,,,,
Double,cep_customer_features.cv30_invt_invt_incr,CV30_INVT_INVT_INCR,CV30InvestmentAccountIncr,P2D,,,,
Double,cep_customer_features.cv30_othr_busn_incr,CV30_OTHR_BUSN_INCR,CV30OtherBusinessIncremental,P2D,,,,
Double,cep_customer_features.cv30_othr_othr_incr,CV30_OTHR_OTHR_INCR,CV30OtherAccountsIncremental,P2D,,,,
Double,cep_customer_features.cv30_pl_pl_incr,CV30_PL_PL_INCR,CV30PLAndOverDrIncremental,P2D,,,,
Double,cep_customer_features.cv30_pl_pl_ovdr_incr,CV30_PL_PL_OVDR_INCR,CV30PLOverDraftIncremental,P2D,,,,
Double,cep_customer_features.cv30_save_cash_invt_incr,CV30_SAVE_CASH_INVT_INCR,CV30SavingsCommsecIncr,P2D,,,,
Double,cep_customer_features.cv30_save_save_incr,CV30_SAVE_SAVE_INCR,CV30SavingsIncremental,P2D,,,,
Double,cep_customer_features.cv30_supn_supn_incr,CV30_SUPN_SUPN_INCR,CV30SuperannuationIncr,P2D,,,,
Double,cep_customer_features.cv30_td_td_incr,CV30_TD_TD_INCR,CV30TermDepositIncremental,P2D,,,,
Double,cep_customer_features.cv30_tran_evof_incr,CV30_TRAN_EVOF_INCR,CV30EveryDayOffsetIncr,P2D,,,,
Double,cep_customer_features.cv30_tran_misa_incr,CV30_TRAN_MISA_INCR,CV30TranMISAIncremental,P2D,,,,
Double,cep_customer_features.cv30_tran_tran_incr,CV30_TRAN_TRAN_INCR,CV30TransactionIncremental,P2D,,,,
Double,cep_customer_features.cv30_vloc_vloc_incr,CV30_VLOC_VLOC_INCR,CV30VLOCIncremental,P2D,,,,
Double,cep_customer_features.cv_sb_fcv_10_af_aset_fncl,CV_SB_FCV_10_AF_ASET_FNCL,ValuesSBAF,P2D,,,,
Double,cep_customer_features.cv_sb_fcv_10_busn_tran_acct,CV_SB_FCV_10_BUSN_TRAN_ACCT,ValuesSBBTA,P2D,,,,
Double,cep_customer_features.cv_sb_fcv_10_cl_cmln,CV_SB_FCV_10_CL_CMLN,ValuesSBCL,P2D,,,,
Double,cep_customer_features.cv_sb_fcv_10_tran_sbo,CV_SB_FCV_10_TRAN_SBO,ValuesSBSBO,P2D,,,,
Integer,cep_customer_features.pj_prsl_tran_trnf_db_last_1_mnth_cnt,DB_TRAN_LAST_1_MNTH_CNT,CountOfDBTransaction1Month,P2D,,,,
Date,cep_customer_features.decd_stus_efft_date,DECD_STUS_EFFT_DATE,DeceasedStatusEfftDate,P1D,,,,
BooleanString,cep_customer_features.decd_trst_flag,DECD_TRST_F,IsDeceasedEstate,P2D,,,,
BooleanString,cep_customer_features.digiexp1,DIGIEXP1,DigiExp1,P2D,,,,
BooleanString,cep_customer_features.digiexp10,DIGIEXP10,DigiExp10,P2D,,,,
BooleanString,cep_customer_features.digiexp2,DIGIEXP2,DigiExp2,P2D,,,,
BooleanString,cep_customer_features.digiexp3,DIGIEXP3,DigiExp3,P2D,,,,
BooleanString,cep_customer_features.digiexp4,DIGIEXP4,DigiExp4,P2D,,,,
BooleanString,cep_customer_features.digiexp5,DIGIEXP5,DigiExp5,P2D,,,,
BooleanString,cep_customer_features.digiexp6,DIGIEXP6,DigiExp6,P2D,,,,
BooleanString,cep_customer_features.digiexp7,DIGIEXP7,DigiExp7,P2D,,,,
BooleanString,cep_customer_features.digiexp8,DIGIEXP8,DigiExp8,P2D,,,,
BooleanString,cep_customer_features.digiexp9,DIGIEXP9,DigiExp9,P2D,,,,
Integer,customer_digital_origination.num_of_inactive_creditcards,DIGT_ORIG_CC_INACTIVE_CNT,DigitalOriginCCInactiveCount,P2D,,,,
Date,customer_digital_origination.max_of_creditcard_open_date,DIGT_ORIG_CC_LTST_OPEN_DATE,DigitalOriginCCLtstOpenDate,P2D,,,,
Integer,cep_customer_features.gdw_insr_dirc_life_crcd_plus_cnt,DIRC_LIFE_CRCD_PLUS_CNT,CountDirLifeCrCdPlusIns,P2D,,,,
Integer,cep_customer_features.gdw_insr_dirc_life_loan_prot_hl_cnt,DIRC_LIFE_LP_HL_CNT,CountDircLifeLPHL,P2D,,,,
Integer,cep_customer_features.gdw_insr_dirc_life_loan_prot_pl_cnt,DIRC_LIFE_LP_PL_CNT,CountDircLifeLPPL,P2D,,,,
Integer,cep_customer_features.gdw_insr_dirc_life_smpl_life_cnt,DIRC_LIFE_SMPL_LIFE_CNT,CountDircLifeSmplLife,P2D,,,,
Date,cep_customer_features.dirc_mrkt_allow_date,DIRC_MRKT_ALLOW_DATE,DircMrktAllowDate,P1D,,,,
BooleanString,cep_customer_features.dirc_mrkt_allow_f,DIRC_MRKT_ALLOW_F,DircMrktAllowF,P1D,,,,
Double,cep_customer_features.dlta_crcd_dmon,DLTA_CRCD_DMON,DltaCrcdDmon,P2D,,,,
Double,cep_customer_features.dlta_crcd_low_fee,DLTA_CRCD_LOW_FEE,DltaCrcdLowFee,P2D,,,,
Double,cep_customer_features.dlta_crcd_low_rate,DLTA_CRCD_LOW_RATE,DltaCrcdLowRate,P2D,,,,
Double,cep_customer_features.dlta_crcd_pltm,DLTA_CRCD_PLTM,DltaCrcdPltm,P2D,,,,
Double,cep_customer_features.dlta_crcd_stnd,DLTA_CRCD_STND,DltaCrcdStnd,P2D,,,,
Double,cep_customer_features.dlta_evrydayofst,DLTA_EVRYDAYOFST,DltaEvrydayofst,P2D,,,,
Double,cep_customer_features.dlta_insur_contents,DLTA_INSUR_CONTENTS,DltaInsurContents,P2D,,,,
Double,cep_customer_features.dlta_insur_crcd_plus,DLTA_INSUR_CRCD_PLUS,DltaInsurCrcdPlus,P2D,,,,
Double,cep_customer_features.dlta_insur_home,DLTA_INSUR_HOME,DltaInsurHome,P2D,,,,
Double,cep_customer_features.dlta_insur_incm_prot,DLTA_INSUR_INCM_PROT,DltaInsurIncmProt,P2D,,,,
Double,cep_customer_features.dlta_insur_life,DLTA_INSUR_LIFE,DltaInsurLife,P2D,,,,
Double,cep_customer_features.dlta_insur_loan_prot,DLTA_INSUR_LOAN_PROT,DltaInsurLoanProt,P2D,,,,
Double,cep_customer_features.dlta_insur_motor,DLTA_INSUR_MOTOR,DltaInsurMotor,P2D,,,,
Double,cep_customer_features.dlta_inv_hl,DLTA_INV_HL,DltaInvHl,P2D,,,,
Double,cep_customer_features.dlta_own_hl,DLTA_OWN_HL,DltaOwnHl,P2D,,,,
Double,cep_customer_features.dlta_pension,DLTA_PENSION,DltaPension,P2D,,,,
Double,cep_customer_features.dlta_pens_sec_acc,DLTA_PENS_SEC_ACC,DltaPensSecAcc,P2D,,,,
Double,cep_customer_features.dlta_pl,DLTA_PL,DltaPl,P2D,,,,
Double,cep_customer_features.dlta_prsl_ovdr,DLTA_PRSL_OVDR,DltaPrslOvdr,P2D,,,,
Double,cep_customer_features.dlta_savings,DLTA_SAVINGS,DltaSavings,P2D,,,,
Double,cep_customer_features.dlta_savings_prem,DLTA_SAVINGS_PREM,DltaSavingsPrem,P2D,,,,
Double,cep_customer_features.dlta_supr_clnl,DLTA_SUPR_CLNL,DltaSuprClnl,P2D,,,,
Double,cep_customer_features.dlta_supr_esnt,DLTA_SUPR_ESNT,DltaSuprEsnt,P2D,,,,
Double,cep_customer_features.dlta_td,DLTA_TD,DltaTd,P2D,,,,
Double,cep_customer_features.dlta_trans_acct,DLTA_TRANS_ACCT,DltaTransAcct,P2D,,,,
Integer,cep_customer_features.gcps_drcd_prsl_uact_cnt,DRCD_PRSL_UACT_CNT,CountUnactivatedPersDC,P2D,,,,
BooleanString,cep_customer_features.dupl_cust_idnn,DUPL_CUST_IDNN,DuplicateCustomerID,P2D,,,,
Integer,customer_digital_origination.num_of_nonqna_tranaccounts,D_NQNA_TRAN_ACCT_CNT,DigCountOfNonQNATranAcct,P2D,,,,
Date,customer_digital_origination.max_open_date_nonqna_tranaccount,D_NQNA_TRAN_ACCT_LAST_OPEN_D,DigNonQNATranAcctLstOpenDate,P2D,,,,
Integer,cep_customer_features.gdw_eday_ofst_acct_cnt,EDAY_OFST_ACCT_CNT,CountEDayOffsetAcct,P2D,,,,
BooleanString,cep_customer_features.emal_hard_bunc_flag,EMAL_HARD_BUNC_FLAG,EmailHardBounceFlag,P1D,,,,
Integer,cep_customer_features.gdw_cust_emal_stmt_cnt,EMAL_STMT_CNT,CountEmailStatements,P2D,,,,
String,cep_customer_features.enty_sbty_code,ENTY_SBTY_CODE,EntitySubtypeCode,P2D,10,,,
String,cep_customer_features.enty_sbty_desc,ENTY_SBTY_DESC,EntitySubtypeDescription,P2D,50,,,
String,cep_customer_features.enty_type_code,ENTY_TYPE_CODE,EntityTypeCode,P2D,10,,,
String,cep_customer_features.enty_type_desc,ENTY_TYPE_DESC,EntityTypeDescription,P2D,50,,,
BooleanString,cep_customer_features.esnt_supr_only_flag,ESNT_SUPR_ONLY_FLAG,Esnt_Supr_Only_Flag,P1D,,,,
Date,cep_customer_features.evnt_clse_busn_expy_date,EVNT_CLSE_BUSN_DATE_EXPY,InsightCloseBusTargetDate,P2D,,,,
Date,cep_customer_features.evnt_debt_expy_date,EVNT_DEBT_DATE_EXPY,InsightReduceDebtTargetDate,P2D,,,,
Date,cep_customer_features.evnt_havn_baby_expy_date,EVNT_HAVN_BABY_DATE_EXPY,InsightNewBabyTargetDate,P2D,,,,
Date,cep_customer_features.evnt_marr_expy_date,EVNT_MARR_DATE_EXPY,InsightWeddingTargetDate,P2D,,,,
Date,cep_customer_features.evnt_new_busn_expy_date,EVNT_NEW_BUSN_DATE_EXPY,InsightNewBusTargetDate,P2D,,,,
Date,cep_customer_features.evnt_new_job_expy_date,EVNT_NEW_JOB_DATE_EXPY,InsightNewJobTargetDate,P2D,,,,
Date,cep_customer_features.evnt_oz_expy_date,EVNT_OZ_DATE_EXPY,InsightArriveOzTargetDate,P2D,,,,
Date,cep_customer_features.evnt_rter_expy_date,EVNT_RTER_DATE_EXPY,InsightRetireTargetDate,P2D,,,,
Date,cep_customer_features.evnt_wdfl_expy_date,EVNT_WDFL_DATE_EXPY,InsightGrowBusinessTargetDate,P2D,,,,
Date,cep_customer_features.evnt_educ_expy_date,EVT_EDCN_DATE_EXPY,InsightEducationTargetDate,P2D,,,,
Date,cep_customer_features.evnt_new_home_expy_date,EVT_HOME_DATE_EXPY,InsightHomeTargetDate,P2D,,,,
Date,cep_customer_features.evnt_rnvt_expy_date,EVT_RNVT_DATE_EXPY,InsightRennovateTargetDate,P2D,,,,
Date,cep_customer_features.evnt_stdy_expy_date,EVT_STDY_DATE_EXPY,InsightStudyTargetDate,P2D,,,,
Date,cep_customer_features.evnt_trvl_expy_date,EVT_TRVL_DATE_EXPY,InsightTravelTargetDate,P2D,,,,
Date,cep_customer_features.evnt_vhcl_expy_date,EVT_VHCL_DATE_EXPY,InsightVehicleTargetDate,P2D,,,,
BooleanString,cep_customer_features.ext_or_bpb_cpln_6m_flag,EXT_OR_BPB_CPLN_6M_FLAG,ExternalOrBPBComplaint6M,P2D,,,,
BooleanString,cep_customer_features.ezy_only_cust_flag,EZY_ONLY_CUST_F,IsEzyOnlyCustomer,P2D,,,,
Date,cep_customer_features.sap_fhc_busn_exit,FHC_BUSN_EXIT,FHCBusnExit,P1D,,,,
Date,cep_customer_features.sap_fhc_busn_grow,FHC_BUSN_GROW,FHCBusnGrow,P1D,,,,
Date,cep_customer_features.sap_fhc_busn_othr,FHC_BUSN_OTHR,FHCBusnOthr,P1D,,,,
Date,cep_customer_features.sap_fhc_busn_sgft_pur,FHC_BUSN_SIG_PUR,FHCBusnSigPur,P1D,,,,
Date,cep_customer_features.sap_fhc_busn_strt,FHC_BUSN_STRT,FHCBusnStrt,P1D,,,,
Date,cep_customer_features.sap_fhc_prsl_fncl_peac_of_mind,FHC_FNCL_PEAC_OF_MIND,FHCFnclPeacOfMind,P1D,,,,
Integer,cep_customer_features.sap_crm_fhc_ltst_recd_stus_v2,FHC_LTST_RECD_STUS,LatestFHCStatus,P2D,,,,
DateTime,cep_customer_features.sap_crm_fhc_ltst_recd_time_v2,FHC_LTST_RECD_TIME,LatestFHCStatusUpdateTime,P2D,,Australia/Sydney,Australia/Sydney,
Date,cep_customer_features.sap_fhc_busn_mnge_cshf_dtd_bank,FHC_MNGE_CSHF_DTD_BANK,FHCMngeCshfDtdBank,P1D,,,,
Date,cep_customer_features.sap_fhc_prsl_buy_a_car,FHC_PRSL_BUY_A_CAR,FHCPrslBuyACar,P1D,,,,
Date,cep_customer_features.sap_fhc_prsl_educ,FHC_PRSL_EDUC,FHCPrslEduc,P1D,,,,
Date,cep_customer_features.sap_fhc_prsl_get_marr,FHC_PRSL_GET_MARR,FHCPrslGetMarr,P1D,,,,
Date,cep_customer_features.sap_fhc_prsl_impv_prop,FHC_PRSL_IMPV_PROP,FHCPrslImpvProp,P1D,,,,
Date,cep_customer_features.sap_fhc_prsl_invt,FHC_PRSL_INVT,FHCPrslInvt,P1D,,,,
Date,cep_customer_features.sap_fhc_prsl_othr,FHC_PRSL_OTHR,FHCPrslOthr,P1D,,,,
Date,cep_customer_features.sap_fhc_prsl_prop_bild,FHC_PRSL_PROP_BILD,FHCPrslPropBild,P1D,,,,
Date,cep_customer_features.sap_fhc_prsl_prop_invt,FHC_PRSL_PROP_INVT,FHCPrslPropInvt,P1D,,,,
Date,cep_customer_features.sap_fhc_prsl_prop_pur,FHC_PRSL_PROP_PUR,FHCPrslPropPur,P1D,,,,
Date,cep_customer_features.sap_fhc_prsl_redt_debt,FHC_PRSL_REDT_DEBT,FHCPrslRedtDebt,P1D,,,,
Date,cep_customer_features.sap_fhc_prsl_retr,FHC_PRSL_RETR,FHCPrslRetr,P1D,,,,
Date,cep_customer_features.sap_fhc_prsl_rfnc_hl,FHC_PRSL_RFNC_HL,FHCPrslRfncHL,P1D,,,,
Date,cep_customer_features.sap_fhc_prsl_rloc,FHC_PRSL_RLOC,FHCPrslRloc,P1D,,,,
Date,cep_customer_features.sap_fhc_prsl_sgft_pur,FHC_PRSL_SGFT_PUR,FHCPrslSgftPur,P1D,,,,
Date,cep_customer_features.sap_fhc_prsl_trvl,FHC_PRSL_TRVL,FHCPrslTrvl,P1D,,,,
String,cep_customer_features.dummy_feature_name,FIRST_NAME,FirstName,P2D,255,,,
Double,cep_customer_features.futr_cust_valu,FUTR_CUST_VALU,FutrCustValu,P2D,,,,
Integer,cep_customer_features.gcps_crcd_busn_uact_mcrd_cnt,GCPS_CRCD_BUSN_UACT_MCRD_CNT,BusCountUnactivatedMC,P2D,,,,
Integer,cep_customer_features.gcps_crcd_busn_uact_visa_cnt,GCPS_CRCD_BUSN_UACT_VISA_CNT,BusCountUnactivatedVisa,P2D,,,,
Integer,cep_customer_features.gcps_drcd_busn_uact_cnt,GCPS_DRCD_BUSN_UACT_CNT,BusCountDebitCardsUnactive,P2D,,,,
Date,cep_customer_features.gcrs_exit_date,GCRS_EXIT_DATE,GCRSLastExitDate,P1D,,,,
String,cep_customer_features.gcrs_flag,GCRS_FLAG,IsGCRSManaged,P1D,1,,,
BooleanString,cep_customer_features.gdw_capp_regr_flag,GDW_CAPP_REGR_FLAG,HasRegForCBAApp,P2D,,,,
BooleanString,cep_customer_features.gdw_cb_app_pay_pass_enbl_f,GDW_CB_APP_PAY_PASS_ENBL_F,PayPassEnableCriteriaFlag,P2D,,,,
BooleanString,cep_customer_features.gdw_cc_cba_awrd_opti_f,GDW_CC_CBA_AWRD_OPTI_F,CCCBAAwardOptInFlag,P2D,,,,
BooleanString,cep_customer_features.gdw_cc_qff_opti_f,GDW_CC_QFF_OPTI_F,CCQantasFreqFlyerOptInFlag,P2D,,,,
String,cep_customer_features.gdw_cmf_segment,GDW_CMF_SEGMENT,CMFSegment,P2D,100,,,
String,cep_customer_features.gdw_cust_web_trak_id,GDW_CUST_WEB_TRAK_ID,CustWebTrackerId,P2D,255,,,
BooleanString,cep_customer_features.gdw_esnt_supr_f,GDW_ESNT_SUPR_F,EssentialSuperFlag,P2D,,,,
String,cep_customer_features.gdw_mosc_segm_c,GDW_MOSC_SEGM_C,MosaicSegmentCode,P2D,1,,,
BooleanString,cep_customer_features.gdw_ntb_regr_flag,GDW_NTB_REGR_FLAG,HasRegForNetbank,P2D,,,,
String,cep_customer_features.gdw_occp_catg_x,GDW_OCCP_CATG_X,OccupationCategoryDesc,P2D,255,,,
String,cep_customer_features.gdw_org_busn_unit,GDW_ORG_BUSN_UNIT,GDWOriginalBusinessUnit,P2D,80,,,
String,cep_customer_features.gdw_pric_optn_c,GDW_PRIC_OPTN_C,PricingOptionCode,P2D,100,,,
BooleanString,cep_customer_features.gdw_self_empl_f,GDW_SELF_EMPL_F,SelfEmployedFlag,P2D,,,,
String,cep_customer_features.gdw_trig_dpid_flag,GDW_TRIG_DPID_FLAG,GIDPIDExclFlag,P30D,2,,,
BooleanString,cep_customer_features.gdw_trig_pass_book_acct_gt_500,GDW_TRIG_PASS_BOOK_ACCT_GT_500,HasPassBookAcctGTE500,P2D,,,,
BooleanString,cep_customer_features.gdw_trig_sole_trad,GDW_TRIG_SOLE_TRAD,PotentialSoleTraderFlag,P2D,,,,
BooleanString,cep_customer_features.gdw_trvl_mony_card_hold_f,GDW_TRVL_MONY_CARD_HOLD_F,TravelMoneyCardFlag,P2D,,,,
Integer,cep_customer_features.gdw_insr_genl_home_cnt,GENL_HOME_INS_CNT,CountHomeInsurance,P2D,,,,
Integer,cep_customer_features.pj_onb_goal_save_acct_cnt,GOAL_SAVE_ACCT_CNT,CountGoalSavingsAccount,P2D,,,,
String,cep_customer_features.govt_bent_code,GOVT_BENT_CODE,GovtBentCode,P2D,2,,,
BooleanString,cep_customer_features.govt_bent_flag,GOVT_BEN_F,IsGovermentBenefitReceiver,P2D,,,,
BooleanString,cep_customer_features.grup_secu_unds_cust_flag,GRUP_SECU_UNDS_CUST_FLAG,GrupSecuUndsCustFlag,P1D,,,,
BooleanString,cep_customer_features.actv_crcd_flag,HAS_ACTV_CC_F,hasActiveCreditCard ,P2D,,,,
BooleanString,cep_customer_features.gdw_trig_bldg_insr_flag,HAS_BLDG_INSR_FLAG,HasBuildingInsuranceFlag,P2D,,,,
BooleanString,cep_customer_features.has_crcd_dcln_last_30_days_flag,HAS_CC_DCLN_LAST_30_DAYS_F,DeclinedForCCInLastMonth,P2D,,,,
BooleanString,cep_customer_features.gdw_ecv_atmt,HAS_ECV_ATTEMPTED,HasECVAttempted,P1D,,,,
BooleanString,cep_customer_features.gdw_ecv_succ_atmt,HAS_ECV_ATTEMPT_SUCCESS,HasECVAttemptSuccess,P1D,,,,
BooleanString,cep_customer_features.gdw_ecv_comp_brch,HAS_ECV_COMPLETED_BRANCH,HasECVCompletedBranch,P1D,,,,
BooleanString,cep_customer_features.gdw_exctt_resp_bnce,HAS_EMAIL_RESPONSE_BOUNCE,HasEmailResponseBounce,P1D,,,,
BooleanString,cep_customer_features.gdw_exctt_resp_spam_unsub,HAS_EMAIL_RESP_SPAM_UNSUB,HasEmailRespSpamUnsub,P1D,,,,
BooleanString,cep_customer_features.sap_cust_has_emal_flag,HAS_EMAL_F,CustHasEmailFlag,P1D,,,,
BooleanString,cep_customer_features.sap_cust_has_home_numb_flag,HAS_HOME_NUMB_F,CustHasHomeNumberFlag,P1D,,,,
BooleanString,cep_customer_features.sap_cust_has_mobl_flag,HAS_MOBL_F,CustHasMobileFlag,P1D,,,,
BooleanString,cep_customer_features.gdw_trig_has_no_life_ins_flag,HAS_NO_LIFE_INS_FLAG,HasNoLifeInsFlag,P2D,,,,
BooleanString,cep_customer_features.gdw_trig_has_no_risk_ins_flag,HAS_NO_RISK_INS_FLAG,HasNoRiskInsFlag,P2D,,,,
BooleanString,cep_customer_features.gdw_trig_ofi_vloc_flag,HAS_OFI_VLOC_FLAG,HasVLOCInOFIFlag,P2D,,,,
BooleanString,cep_customer_features.cust_20k_baln_flag,HAS_OVER_20K_LIQUID_F,hasOver20KInAccessibleCash,P2D,,,,
BooleanString,cep_customer_features.gt_750k_foot_flag,HAS_OVER_750K_FOOTINGS_F,HasOver750KFooting,P2D,,,,
BooleanString,cep_customer_features.gdw_tfn_decl_all,HAS_TFN_DECLARED_ALL,HasTFNDeclaredAll,P1D,,,,
BooleanString,cep_customer_features.high_busn_pd_flag,HIGH_BUSN_PD_FLAG,HighBusnPdFlag,P1D,,,,
Double,cep_customer_features.hls_hl_12_mnth_disc_vr_rdrw_bal_max,HL_12M_DISC_VR_RDRW_BAL_MAX,HL12MonthDiscVRRedrawBalMax,P2D,,,,
Double,cep_customer_features.hls_hl_12_mnth_disc_vr_rdrw_bal_min,HL_12M_DISC_VR_RDRW_BAL_MIN,HL12MonthDiscVRRedrawBalMin,P2D,,,,
Integer,cep_customer_features.hls_hl_12_mnth_disc_vr_cnt,HL_12_MNTH_DISC_VR_CNT,CountOf12MDVRHL,P2D,,,,
Integer,cep_customer_features.hls_hl_3_year_spec_rsvr_cnt,HL_3YR_SPL_RATE_SVR_CNT,Count3YrSplRateHL,P2D,,,,
Double,cep_customer_features.hls_hl_3_year_spec_ecvr_rdrw_bal_max,HL_3Y_SPEC_ECVR_RDRW_BAL_MAX,HL3YSpecEconVRRedrawBalMax,P2D,,,,
Double,cep_customer_features.hls_hl_3_year_spec_ecvr_rdrw_bal_min,HL_3Y_SPEC_ECVR_RDRW_BAL_MIN,HL3YSpecEconVRRedrawBalMin,P2D,,,,
Double,cep_customer_features.hls_hl_3_year_spec_rsvr_rdrw_bal_max,HL_3Y_SPEC_RSVR_RDRW_BAL_MAX,HL3YSpecRateSaveVRRdrwBalMax,P2D,,,,
Double,cep_customer_features.hls_hl_3_year_spec_rsvr_rdrw_bal_min,HL_3Y_SPEC_RSVR_RDRW_BAL_MIN,HL3YSpecRateSaveVRRdrwBalMin,P2D,,,,
Integer,cep_customer_features.hls_hl_3_year_spec_ecvr_cnt,HL_3_YR_SPL_ECVR_CNT,Count3YrSplRateEconHL,P2D,,,,
String,cep_customer_features.gdw_acct_orig_chnl,HL_ACCT_ORIG_CHANNEL,HLAcctOrigChannel,P2D,255,,,
String,cep_customer_features.cmse_low_lat_hl_app_id,HL_APPT_ID,HLApplicationId,P1D,20,,,
DateTime,cep_customer_features.cmse_low_lat_hl_app_ltst_dcln_date,HL_APPT_LAST_DECL_DATE,HLApplicationLastDeclineDate,P1D,,Australia/Sydney,Australia/Sydney,
Integer,cep_customer_features.sap_crm_hl_onln_appo_rqst_ntb_ltst_recd_stus_v2,HL_APPT_LAST_REQ_STUS_NTB,HLApptLastReqStatusNetbank,P2D,,,,
Integer,cep_customer_features.sap_crm_hl_onln_appo_rqst_prop_app_ltst_recd_stus_v2,HL_APPT_LAST_REQ_STUS_PA,HLApptLastReqStatusApp,P2D,,,,
Integer,cep_customer_features.sap_crm_hl_onln_appo_rqst_web_ltst_recd_stus_v2,HL_APPT_LAST_REQ_STUS_WEB,HLApptLastReqStatusWeb,P2D,,,,
DateTime,cep_customer_features.sap_crm_hl_onln_appo_rqst_ntb_ltst_recd_time_v2,HL_APPT_LAST_REQ_TIME_NTB,HLApptLastReqTimeNetbank,P2D,,Australia/Sydney,Australia/Sydney,
DateTime,cep_customer_features.sap_crm_hl_onln_appo_rqst_prop_app_ltst_recd_time_v2,HL_APPT_LAST_REQ_TIME_PA,HLApptLastReqTimeApp,P2D,,Australia/Sydney,Australia/Sydney,
DateTime,cep_customer_features.sap_crm_hl_onln_appo_rqst_web_ltst_recd_time_v2,HL_APPT_LAST_REQ_TIME_WEB,HLApptLastReqTimeWeb,P2D,,Australia/Sydney,Australia/Sydney,
BooleanString,cep_customer_features.gdw_trig_hl_brok_flag,HL_BROK_F,HlBrokerFlag,P2D,,,,
BooleanString,cep_customer_features.gdw_trig_brok_segm_temp,HL_BROK_SEG_TEMP_F,HasHLBrokSegTemp,P2D,,,,
Integer,cep_customer_features.hls_hl_bvr_cnt,HL_BVR_CNT,CountOfBVRHL,P2D,,,,
Double,cep_customer_features.hls_hl_bvr_rdrw_bal_max,HL_BVR_REDRAW_BAL_MAX,HLBasicVRRedrawBalMax,P2D,,,,
Double,cep_customer_features.hls_hl_bvr_rdrw_bal_min,HL_BVR_REDRAW_BAL_MIN,HLBasicVRRedrawBalMin,P2D,,,,
Integer,digital_channels.page_view_count.page_name:cba_calculators_homeloans_comparison.aggregation_window:0_30,HL_CALO_COMP_30_DAY_CNT,HlCalctrCompareLoan30DayCnt,P1D,,,,
Integer,digital_channels.page_view_count.page_name:cba_home_loans_home_loan_calculators_and_tools.aggregation_window:0_30,HL_CALO_TOOL_30_DAY_CNT,HlCalctrAndTools30DayCnt,P1D,,,,
BooleanString,cep_customer_features.gdw_trig_hl_clt_excl,HL_CLT_EXCL,HLCLTExclusion,P2D,,,,
DateTime,cep_customer_features.cmse_hl_cntr_docs_genr_and_send_date_max,HL_CNTR_DOCS_GENR_DATE_MAX,HLContractDocsGenSendDateMax,P2D,,Australia/Sydney,Australia/Sydney,
DateTime,cep_customer_features.cmse_hl_cntr_docs_genr_and_send_date_min,HL_CNTR_DOCS_GENR_DATE_MIN,HLContractDocsGenSendDateMin,P2D,,Australia/Sydney,Australia/Sydney,
Integer,cep_customer_features.cmse_hl_cntr_docs_genr_and_send_cnt,HL_CNTR_DOCS_GENR_SEND_CNT,HLContractDocsGenrSendCount,P2D,,,,
DateTime,cep_customer_features.cmse_hl_cntr_docs_prnt_date_max,HL_CNTR_DOCS_PRINT_DATE_MAX,HLContractDocsPrintDateMax,P2D,,Australia/Sydney,Australia/Sydney,
DateTime,cep_customer_features.cmse_hl_cntr_docs_prnt_date_min,HL_CNTR_DOCS_PRINT_DATE_MIN,HLContractDocsPrintDateMin,P2D,,Australia/Sydney,Australia/Sydney,
Integer,cep_customer_features.hl_cnt_ahed_on_rpay,HL_CNT_AHEAD_REPAY_NUM,HLCountAheadOnRepayment,P2D,,,,
Integer,cep_customer_features.hl_cnt_num,HL_CNT_NUM,HLCount,P2D,,,,
Integer,cep_customer_features.cmse_hl_cntr_docs_prnt_cnt,HL_CONTRACT_DOCS_PRINT_CNT,HLContractDocsPrintCount,P2D,,,,
Double,cep_customer_features.cmse_hl_dchg_acct_baln,HL_DISCHARGE_RQST_ACCT_BALN,HLDischargeRqstAcctBaln,P2D,,,,
String,cep_customer_features.cmse_hl_dchg_acct_idnn,HL_DISCHARGE_RQST_ACCT_ID,HLDischargeRqstAcctID,P2D,30,,,
DateTime,cep_customer_features.cmse_hl_dchg_date_v2,HL_DISCHARGE_RQST_DATE,HLDischargeRqstDate,P2D,,Australia/Sydney,Australia/Sydney,
Integer,cep_customer_features.cmse_hl_dchg_reas,HL_DISCHARGE_RQST_REAS,HLDischargeRqstReason,P2D,,,,
BooleanString,cep_customer_features.gdw_trig_hl_dmon_brok,HL_DMON_BROKER_FLAG,HLDiamondBrokerFlag,P2D,,,,
BooleanString,cep_customer_features.gdw_trig_hl_doc_imge_last_31_days_flag,HL_DOC_IMGE_31_DAYS_FLAG,HLDocumentsImagedLast31Days,P2D,,,,
Integer,cep_customer_features.hls_hl_dtdr_flag_cnt,HL_DTDR_CNT,CountDirectDebitsHL,P2D,,,,
String,cep_customer_features.hls_hl_dtdr_payt_freq,HL_DTDR_FREQ,HLRepayFreq,P2D,255,,,
Integer,cep_customer_features.hls_hl_ecvr_cnt,HL_ECVR_CNT,CountEconHL,P2D,,,,
Double,cep_customer_features.hls_hl_ecvr_rdrw_bal_max,HL_ECVR_REDRAW_BAL_MAX,HLEconVRRedrawBalMax,P2D,,,,
Double,cep_customer_features.hls_hl_ecvr_rdrw_bal_min,HL_ECVR_REDRAW_BAL_MIN,HLEconVRRedrawBalMin,P2D,,,,
Integer,cep_customer_features.hls_hl_evr_cnt,HL_EVR_CNT,CountOfEVRHL,P2D,,,,
Double,cep_customer_features.hls_hl_evr_rdrw_bal_max,HL_EVR_REDRAW_BAL_MAX,HLExtraVRRedrawBalMax,P2D,,,,
Double,cep_customer_features.hls_hl_evr_rdrw_bal_min,HL_EVR_REDRAW_BAL_MIN,HLExtraVRRedrawBalMin,P2D,,,,
Integer,cep_customer_features.cmse_hl_fist_home_buyr_appt_cnt,HL_FIRST_HOME_BUYER_APPT_CNT,HLFirstHomeBuyerApplnCount,P2D,,,,
Integer,cep_customer_features.hls_hl_fxrt_cnt,HL_FXRT_CNT,CountFixedRateHL,P2D,,,,
Integer,cep_customer_features.hls_hl_guar_cnt,HL_GUAR_CNT,CountOfHLWithGuarantor,P2D,,,,
Integer,cep_customer_features.hls_hl_home_path_cnt,HL_HOME_PATH_CNT,CountHomePathHL,P2D,,,,
BooleanString,cep_customer_features.gdw_trig_ihl3_pdct,HL_IHL_3_PDCT,HasHLInvest3Prod,P2D,,,,
BooleanString,cep_customer_features.gdw_trig_ihl_flag,HL_IHL_F,HasHLInvest,P2D,,,,
BooleanString,cep_customer_features.gdw_trig_ihl_svr,HL_IHL_SVR,HasHLInvestSVR,P2D,,,,
Double,cep_customer_features.hls_hl_int_in_advn_rdrw_bal_max,HL_INT_IN_ADVN_RDRW_BAL_MAX,HLIntInAdvanceRedrawBalMax,P2D,,,,
Double,cep_customer_features.hls_hl_int_in_advn_rdrw_bal_min,HL_INT_IN_ADVN_RDRW_BAL_MIN,HLIntInAdvanceRedrawBalMin,P2D,,,,
Integer,cep_customer_features.hls_hl_int_in_advn_cnt,HL_INT_IN_ADV_CNT,CountInterestInAdvanceHL,P2D,,,,
Integer,cep_customer_features.cmse_hl_invt_home_buy_appt_cnt,HL_INVT_HOME_BUYER_APPT_CNT,HLInvestorApplicationCount,P2D,,,,
Integer,cep_customer_features.cmse_low_lat_hl_app_chnl_id,HL_LAST_APPT_CHNL_ID,HLApplicationChannel,P1D,,,,
Integer,cep_customer_features.cmse_low_lat_hl_app_ltst_stus,HL_LAST_APPT_STUS_CODE,HLApplicationStatus,P1D,,,,
String,cep_customer_features.cmse_low_lat_hl_app_ltst_stus_desc,HL_LAST_APPT_STUS_DESC,HLApplnStatusDescription,P1D,255,,,
DateTime,cep_customer_features.cmse_low_lat_hl_app_last_updt_date,HL_LAST_APPT_UPDT_DATE,HLApplicationLastUpdateDate,P1D,,Australia/Sydney,Australia/Sydney,
String,cep_customer_features.gdw_hl_lend_name,HL_LENDER_NAME,HLLenderName,P1D,255,,,
String,cep_customer_features.gdw_hl_lend_phon,HL_LENDER_PHONE,HLLenderPhone,P1D,64,,,
String,cep_customer_features.gdw_hl_lend_type,HL_LENDER_TYPE,HLLenderType,P1D,255,,,
Integer,cep_customer_features.hls_hl_low_doc_cnt,HL_LOW_DOC_CNT,CountLowDocHL,P2D,,,,
DenseDate,cep_customer_features.hls_hl_low_doc_strt_date_min,HL_LOW_DOC_START_DATE,MinStartDateLowDocHL,P2D,,,,
DateTime,cep_customer_features.cmse_low_lat_hlm_app_ltst_dcln_date,HL_MAINT_APPT_LAST_DECL_DATE,HLMaintLastDeclineDate,P1D,,Australia/Sydney,Australia/Sydney,
Double,cep_customer_features.hl_max_perc_rpay_v2,HL_MAX_RPAY_PERC,HLMaxPercentRepaid,P2D,,,,
Date,cep_customer_features.hl_min_fixd_rate_end_date,HL_MIN_FIX_RATE_END_DATE,HLMinFixedRateEndDate,P2D,,,,
Double,cep_customer_features.hl_min_perc_rpay_v2,HL_MIN_RPAY_PERC,HLMinPercentRepaid,P2D,,,,
Integer,cep_customer_features.hls_hl_nfvr_cnt,HL_NFVR_CNT,CountOfNFVRHL,P2D,,,,
Double,cep_customer_features.hls_hl_nfvr_rdrw_bal_max,HL_NFVR_REDRAW_BAL_MAX,HLNoFeeVRRedrawBalMax,P2D,,,,
Double,cep_customer_features.hls_hl_nfvr_rdrw_bal_min,HL_NFVR_REDRAW_BAL_MIN,HLNoFeeVRRedrawBalMin,P2D,,,,
Integer,cep_customer_features.gdw_hl_non_seek_cnt,HL_NON_SEEK_CNT,CountHLNonSeek,P1D,,,,
Double,cep_customer_features.hl_ofi_trnf_amt,HL_OFI_AMT_LAST_TRANSFER,HLOFIAmtLastTransfer,P2D,,,,
Date,cep_customer_features.hl_ofi_date_last_trnf,HL_OFI_DATE_LAST_TRANSFER,HLOFIDateLastTransfer,P2D,,,,
BooleanString,cep_customer_features.gdw_trig_hl_ofi_flag,HL_OFI_FLAG,HlOfiFlag,P2D,,,,
String,cep_customer_features.hl_ofi_last_trnf_inst,HL_OFI_INST_LAST_TRANSFER,HLOFIInstLastTransfer,P2D,255,,,
BooleanString,cep_customer_features.gdw_trig_not_clsd_hl_last_24_mnth,HL_OFI_REFI_LAST_24_MONTHS,HLOFIRefiLast24Months,P2D,,,,
BooleanString,cep_customer_features.gdw_trig_not_clsd_hl_last_36_mnth,HL_OFI_REFI_LAST_36_MONTHS,HLOFIRefiLast36Months,P2D,,,,
BooleanString,cep_customer_features.gdw_trig_not_clsd_hl_last_48_mnth,HL_OFI_REFI_LAST_48_MONTHS,HLOFIRefiLast48Months,P2D,,,,
BooleanString,cep_customer_features.gdw_trig_not_clsd_hl_last_60_mnth,HL_OFI_REFI_LAST_60_MONTHS,HLOFIRefiLast60Months,P2D,,,,
String,cep_customer_features.cmse_hl_payo_acct_idnn,HL_PAYOUT_RQST_ACCT_ID,HLPayoutRqstAcctID,P2D,50,,,
DateTime,cep_customer_features.cmse_hl_payo_date_v2,HL_PAYOUT_RQST_DATE,HLPayoutRqstDate,P2D,,Australia/Sydney,Australia/Sydney,
Double,hl_retention.ext_refi_180,HL_RETN_EXT_REFI_180,HLRetentionExtRefi180,P1Y,,,,
Double,hl_retention.ext_refi_90,HL_RETN_EXT_REFI_90,HLRetentionExtRefi90,P1Y,,,,
Double,hl_retention.prop_sold_180,HL_RETN_PROP_SOLD_180,HLRetentionPropSold180,P1Y,,,,
Double,hl_retention.prop_sold_90,HL_RETN_PROP_SOLD_90,HLRetentionPropSold90,P1Y,,,,
Integer,cep_customer_features.hls_hl_rsvr_cnt,HL_RSVR_CNT,CountOfRSVRHL,P2D,,,,
Double,cep_customer_features.hls_hl_rsvr_rdrw_bal_max,HL_RSVR_REDRAW_BAL_MAX,HLRateSaverVRRedrawBalMax,P2D,,,,
Double,cep_customer_features.hls_hl_rsvr_rdrw_bal_min,HL_RSVR_REDRAW_BAL_MIN,HLRateSaverVRRedrawBalMin,P2D,,,,
Integer,cep_customer_features.gdw_hl_seek_cnt,HL_SEEK_CNT,CountHLSeek,P1D,,,,
Double,cep_customer_features.hl_sum_amt_brwd,HL_SUM_AMT_BRWD_AMT,HLSumAmountBorrowed,P2D,,,,
Integer,cep_customer_features.hls_hl_svr_cnt,HL_SVR_CNT,CountStdVarRateHL,P2D,,,,
Double,cep_customer_features.hls_hl_svr_rdrw_bal_max,HL_SVR_REDRAW_BAL_MAX,HLStandardVRRedrawBalMax,P2D,,,,
Double,cep_customer_features.hls_hl_svr_rdrw_bal_min,HL_SVR_REDRAW_BAL_MIN,HLStandardVRRedrawBalMin,P2D,,,,
DenseDate,cep_customer_features.cmse_hl_tu_dcln_app_last_updt_date,HL_TOPUP_APPT_LAST_DECL_DATE,HLTopupLastDeclineDate,P2D,,,,
String,cep_customer_features.cmse_hl_tu_app_id,HL_TOP_UP_APPT_ID,HLTopupApplicationId,P2D,20,,,
Integer,cep_customer_features.hls_hl_vbrt_cnt,HL_VBRT_CNT,CountVariableRateHL,P2D,,,,
Integer,cep_customer_features.cmse_hl_vloc_home_buyr_appt_cnt,HL_VLOC_HOME_BUYER_APPT_CNT,HLVLOCApplicationCount,P2D,,,,
Integer,cep_customer_features.cmse_home_seek_flag_cnt,HOME_SEEKER_FLAG_CNT,HomeSeekerFlagCount,P2D,,,,
Date,cep_customer_features.hrds_efft_date,HRDS_EFFT_DATE,FinancialHardshipEfftDate,P2D,,,,
Date,cep_customer_features.inl_app_mobl_logn_date,INL_APP_MOBL_LOGN_DATE,LastMobileLoginDt,P2D,,,,
Date,cep_customer_features.inl_app_tblt_logn_date,INL_APP_TBLT_LOGN_DATE,LastMobileTabletLoginDt,P2D,,,,
Date,cep_customer_features.inl_ntbk_logn_date,INL_NTBK_LOGN_DATE,LastNetBankLoginDt,P2D,,,,
Date,cep_customer_features.inl_ntbk_mobl_logn_date,INL_NTBK_MOBL_LOGN_DATE,LastNetBankLoginDtInMobile,P2D,,,,
Date,cep_customer_features.inl_ntbk_tblt_logn_date,INL_NTBK_TBLT_LOGN_DATE,LastNetBankLoginDtInTablet,P2D,,,,
Integer,cep_customer_features.inl_onln_logn_ntb_all_last_1_mnth_cnt,INL_NTB_LOGN_LAST_1_MNTH_CNT,CountOfNBankLogins1Month,P2D,,,,
Integer,cep_customer_features.gdw_insr_genl_motr_cnt,INSR_GENL_MOTR_CNT,CountMotorInsurance,P2D,,,,
BooleanString,cep_customer_features.ins_revw_last_5_yrs_flag,INS_NOT_REVWD_5_YEARS_F,NoInsReviewedInOver5Years,P2D,,,,
BooleanString,cep_customer_features.invl_emal,INVALID_EMAIL,InvalidEmailAddress,P2D,,,,
BooleanString,cep_customer_features.invl_home_ctct,INVALID_HOME_CONTACT,InvalidHomeContact,P2D,,,,
BooleanString,cep_customer_features.invl_mobl,INVALID_MOBILE_NUMBER,InvalidMobileNumber,P2D,,,,
BooleanString,cep_customer_features.invl_adrs_ctct_flag,INVL_ADRS_CTCT_FLAG,InvalidAdrsContactFlag,P1D,,,,
BooleanString,cep_customer_features.invl_emal_ctct_flag,INVL_EMAL_CTCT_FLAG,InvalidEmailContactFlag,P1D,,,,
BooleanString,cep_customer_features.invl_frst_name_flag,INVL_FRST_NAME_FLAG,InvlFirstNameFlag,P1D,,,,
BooleanString,cep_customer_features.invl_mobl_ctct_flag,INVL_MOBL_CTCT_FLAG,InvlMoblCtctFlag,P1D,,,,
BooleanString,cep_customer_features.invl_phon_ctct_flag,INVL_PHON_CTCT_FLAG,InvlPhonCtctFlag,P1D,,,,
BooleanString,cep_customer_features.iphone_regr_dvic,IPHONE_REGR_DVIC,IPhoneRegrFlag,P2D,,,,
BooleanString,cep_customer_features.iphone_regr_dvic_5plus,IPHONE_REGR_DVIC_5PLUS,IPhone5plusRegrFlag,P2D,,,,
BooleanString,cep_customer_features.crcd_dcln_last_mnth_flag,IS_DECL_CC_LAST_30_DAYS_F,IsDeclinedForCCInLastMonth,P2D,,,,
BooleanString,cep_customer_features.hl_or_pl_dcln_last_mnth_flag,IS_DECL_HL_PL_LST_30_DAYS,IsDeclinedForHLPLInLastMonth,P2D,,,,
BooleanString,cep_customer_features.gdw_ntb_flag,IS_NEW_TO_BANK,IsNewToBanK,P1D,,,,
BooleanString,cep_customer_features.non_prsl_cust_flag,IS_ORG_F,IsCustomerOrganisation,P2D,,,,
BooleanString,cep_customer_features.gdw_trig_prim_ctct_flag,IS_PRIM_CTCT_FLAG,IsPrimaryContactFlag,P2D,,,,
BooleanString,cep_customer_features.gdw_stud_optn,IS_STUDENT,IsStudent,P1D,,,,
BooleanString,cep_customer_features.last_3m_rcv_mony_via_mobl,LAST_3M_RECV_MONY_VIA_MOBL,AmntReceivedViaMobInLst3M,P2D,,,,
BooleanString,cep_customer_features.last_3m_sent_mony_via_mobl,LAST_3M_SENT_MONY_VIA_MOBL,AmountSentViaMobInLst3M,P2D,,,,
Date,cep_customer_features.last_cpln_rslv_date,LAST_CPLN_RSLV_DATE,LastComplaintResolvedDate,P1W,,,,
BooleanString,cep_customer_features.last_cpln_rslv_gt_4w_flag,LAST_CPLN_RSLV_GT_4W_FLAG,LastComplaintResolvedGT4W,P2D,,,,
DateTime,cep_customer_features.sap_crm_fhc_comt_time_max_v2,LAST_FHC_COMT_TIME,LastFHCComplDateTime,P2D,,Australia/Sydney,Australia/Sydney,
String,cep_customer_features.dummy_feature_name,LAST_NAME,LastName,P2D,255,,,
String,cep_customer_features.last_prim_cpln_catg,LAST_PRIM_CPLN_CATG,LastPrimaryComplaintCategory,P2D,100,,,
String,cep_customer_features.last_prim_cpln_scat,LAST_PRIM_CPLN_SCAT,LastPrimaryComplaintSubCategory,P2D,100,,,
String,cep_customer_features.lender_traits_id,LENDER_TRAITS_ID,LenderTraitsId,P1D,50,,,
Double,cep_customer_features.gdw_liqd_cash_baln,LIQD_CASH_BALN,LiquidCashBalance,P2D,,,,
BooleanString,cep_customer_features.locl_busn_bank_cust,LOCL_BUSN_BANK_CUST,LoclBusnBankingCustomer,P1D,,,,
Integer,cep_customer_features.inl_onln_logn_capp_mobl_last_3_mnth_cnt,LOGN_CAPP_MOBL_3MNTH_CNT,CountLoginCAppMobl3M,P2D,,,,
Integer,cep_customer_features.inl_onln_logn_capp_tblt_last_3_mnth_cnt,LOGN_CAPP_TAB_3MNTH_CNT,CountLoginCAppTab3M,P2D,,,,
BooleanString,cep_customer_features.larg_dep_last_7_days,LRGE_DEP_7_DAYS_AMT,IsLargeDepositInLast7Days,P2D,,,,
String,cep_customer_features.ltst_cba_appt_vers,LTST_CBA_APPT_VERS,CBAAppVersion,P2D,30,,,
String,cep_customer_features.mac_memb_segm_c,MAC_MEMB_SEGM_CODE,MacMembSegmCode,P2D,20,,,
Date,cep_customer_features.mac_memb_strt_d,MAC_MEMB_STRT_DATE,MacMembStrtDate,P2D,,,,
Date,cep_customer_features.mac_segm_ases_date,MAC_SEGM_ASES_DATE,MacSegmAsesDate,P1W,,,,
String,cep_customer_features.mac_segm_cohd_cust_id,MAC_SEGM_COHD_CUST_ID,MacSegmCohdCustId,P1W,20,,,
String,cep_customer_features.mac_segm_elgl_c,MAC_SEGM_ELGL,MacSegmElgl,P1W,10,,,
Date,cep_customer_features.mac_segm_elgl_strt_date,MAC_SEGM_ELGL_STRT_DATE,MacMembStrtDate,P1W,,,,
BooleanString,cep_customer_features.mand_do_not_ctct_flag,MANDATORY_DO_NOT_CONTACT_F,MandatoryDoNotContact,P2D,,,,
BooleanString,cep_customer_features.mand_excl_list_flag,MAND_EXCL_LIST_TYPE,MandatoryExclusionList,P1D,,,,
Integer,cep_customer_features.mav_pack_cnt,MAV_PACK_CNT,MavPackCnt,P2D,,,,
Date,cep_customer_features.hls_hl_dtdr_next_due_date_max,MAX_DTDR_DUE_DATE_HL,MaxDueDateHL,P2D,,,,
Date,cep_customer_features.hls_pl_dtdr_next_due_date_max,MAX_DTDR_DUE_DATE_PL,MaxDueDatePL,P2D,,,,
DenseDate,cep_customer_features.crcd_prsl_max_plas_mc_issu_date,MAX_PERS_MC_ISSU_DATE,MaxPersMCIssueDate,P2D,,,,
DenseDate,cep_customer_features.crcd_prsl_max_plas_visa_issu_date,MAX_PERS_VISA_ISSU_DATE,MaxPersVisaIssueDate,P2D,,,,
DenseDate,cep_customer_features.hls_hl_setl_date_max,MAX_SETL_DATE_HL,MaxSetlDateHL,P2D,,,,
DenseDate,cep_customer_features.hls_pl_setl_date_max,MAX_SETL_DATE_PL,MaxSetlDatePL,P2D,,,,
String,cep_customer_features.dummy_feature_name,MIDDLE_NAME,MiddleName,P2D,255,,,
BooleanString,cep_customer_features.gdw_cust_cep_flag_v2,MIGRATED_TO_CEP,MigratedToCEP,P1D,,,,
Date,cep_customer_features.hls_hl_dtdr_next_due_date_min,MIN_DTDR_DUE_DATE_HL,MinDueDateHL,P2D,,,,
Date,cep_customer_features.hls_pl_dtdr_next_due_date_min,MIN_DTDR_DUE_DATE_PL,MinDueDatePL,P2D,,,,
DenseDate,cep_customer_features.crcd_prsl_min_plas_mc_issu_date,MIN_PERS_MC_ISSU_DATE,MinPersMCIssueDate,P2D,,,,
DenseDate,cep_customer_features.crcd_prsl_min_plas_visa_issu_date,MIN_PERS_VISA_ISSU_DATE,MinPersVisaIssueDate,P2D,,,,
DenseDate,cep_customer_features.min_roll_off_io_date_pdct_hl,MIN_ROLL_OFF_IO_DT_HL_DT,MinimumHLIORollOffDates,P2D,,,,
DenseDate,cep_customer_features.hls_hl_setl_date_min,MIN_SETL_DATE_HL,MinSetlDateHL,P2D,,,,
DenseDate,cep_customer_features.hls_pl_setl_date_min,MIN_SETL_DATE_PL,MinSetlDatePL,P2D,,,,
String,cep_customer_features.most_comn_cpln_catg_6m,MOST_COMN_CPLN_CATG_6M,MostCommonComplaintCategory6M,P2D,100,,,
BooleanString,cep_customer_features.mrkt_age_unkn_flag,MRKT_AGE_UNKN_FLAG,MrktAgeUnknFlag,P1D,,,,
BooleanString,cep_customer_features.mrkt_cust_inta_disa_flag,MRKT_CUST_INTA_DISA_FLAG,MrktCustIntaDisaFlag,P1D,,,,
BooleanString,cep_customer_features.mrkt_paty_bkrp_flag,MRKT_PATY_BKRP_FLAG,MrktPatyBankruptFlag,P1D,,,,
BooleanString,cep_customer_features.mrkt_paty_decd_flag,MRKT_PATY_DECD_FLAG,MrktPatyDecdFlag,P1D,,,,
BooleanString,cep_customer_features.mrkt_paty_deem_decd_flag,MRKT_PATY_DEEM_DECD_FLAG,MrktPatyDeemDeceasedFlag,P1D,,,,
BooleanString,cep_customer_features.mrkt_paty_deem_trst_flag,MRKT_PATY_DEEM_TRST_FLAG,MrktPatyDeemTrustFlag,P1D,,,,
BooleanString,cep_customer_features.mrkt_paty_dsbl_flag,MRKT_PATY_DSBL_FLAG,MrktPatyDsblFlag,P1D,,,,
BooleanString,cep_customer_features.mrkt_paty_unsd_flag,MRKT_PATY_UNSD_FLAG,MrktPatyUnsdFlag,P1D,,,,
Double,cep_customer_features.nbsshoulderpriceoffer,NBS_SHOULDER_PRICE_OFFER,NbsShoulderPriceOffer,P1D,,,,
Integer,cep_customer_features.pj_onb_ntb_save_acct_cnt,NETBANK_SAVE_ACCT_CNT,CountNetbankSavingsAccount,P2D,,,,
DenseDate,cep_customer_features.netb_regn_date,NETB_REGN_DATE,NetBankRegnDate,P2D,,,,
BooleanString,cep_customer_features.not_clsd_hl_last_12_mnth,NOT_CLOSED_HL_LAST_12_MONTHS,HLNotClosedInLast12Months,P2D,,,,
BooleanString,cep_customer_features.not_clsd_pl_last_3_mnth,NOT_CLOSED_PL_LAST_3_MONTHS,PLNotClosedInLast3Months,P2D,,,,
BooleanString,cep_customer_features.crcd_dcln_last_mnth_flag,NOT_DECL_CC_LAST_30_DAYS_F,NotDeclinedForCCInLastMonth,P2D,,,,
BooleanString,cep_customer_features.hl_or_pl_dcln_last_mnth_flag,NOT_DECL_HL_PL_LST_30_DAYS,NotDeclinedForHLPLInLastMonth,P2D,,,,
BooleanString,cep_customer_features.ctct_brch_flag,NO_CONTACT_BRANCH_3_MONTHS,NoContactWithBranchLast3Month,P2D,,,,
BooleanString,cep_customer_features.ctct_call_cntr_flag,NO_CONTACT_CALL_C_3_MONTHS_F,NoContactWithCCLast3Months,P2D,,,,
BooleanString,cep_customer_features.no_emal,NO_EMAIL_RECORDED,NoEmailAddressRecorded,P2D,,,,
BooleanString,cep_customer_features.no_fhc_last_12_mnth_flag,NO_FHC_12_MONTHS_F,NoFHCCompletedInLast12Months,P2D,,,,
BooleanString,cep_customer_features.no_fhc_last_6_mnth_flag,NO_FHC_LAST_6_MONTHS,NoFHCInLast6Months,P2D,,,,
BooleanString,cep_customer_features.no_home_ctct,NO_HOME_CONTACT_RECORDED,NoHomeContactRecorded,P2D,,,,
BooleanString,cep_customer_features.lpi_flag,NO_LPI_F,NoLPI,P2D,,,,
BooleanString,cep_customer_features.no_mobl_ctct,NO_MOBILE_RECORDED,NoMobileContactRecorded,P2D,,,,
BooleanString,cep_customer_features.risk_ins_flag,NO_RISK_INS_F,NoRiskInsurance,P2D,,,,
String,cep_customer_features.ntb_2fa_mthd,NTB_2FA_MTHD,Netbank2FAMethod,P1W,10,,,
Integer,cep_customer_features.ntb_saver_actv_acct_cnt,NTB_SAVER_ACTV_ACCT_CNT,NtbSaverActvAcctCnt,P2D,,,,
Integer,cep_customer_features.numb_of_dirc,NUMB_OF_DIRC,BusnNumberOfDirectors,P2D,,,,
Integer,cep_customer_features.numb_of_pror,NUMB_OF_PROR,BusnNumberOfProprietors,P2D,,,,
DateTime,cep_customer_features.inl_offr_busn_esnt_grup,OFFR_BUSI_GROP_INST_LOG_DATE,GWPBusinessLastVisitDate,P2D,,Australia/Sydney,Australia/Sydney,
DateTime,cep_customer_features.inl_offr_crcd_grup,OFFR_CCRD_GROP_INST_LOG_DATE,GWPCreditCardLastVisitDate,P2D,,Australia/Sydney,Australia/Sydney,
DateTime,cep_customer_features.inl_offr_cse_grup,OFFR_CMSC_GROP_INST_LOG_DATE,GWPCommsecLastVisitDate,P2D,,Australia/Sydney,Australia/Sydney,
DateTime,cep_customer_features.inl_offr_hl_grup,OFFR_HLON_GROP_INST_LOG_DATE,GWPHomeLoanLastVisitDate,P2D,,Australia/Sydney,Australia/Sydney,
DateTime,cep_customer_features.inl_offr_insr_grup,OFFR_INSR_GROP_INST_LOG_DATE,GWPInsuranceLastVisitDate,P2D,,Australia/Sydney,Australia/Sydney,
DateTime,cep_customer_features.inl_offr_intl_grup,OFFR_INTL_GROP_INST_LOG_DATE,GWPInternationalLastVisitDate,P2D,,Australia/Sydney,Australia/Sydney,
DateTime,cep_customer_features.inl_offr_prsl_grup,OFFR_PLON_GROP_INST_LOG_DATE,GWPPersonalLoanLastVisitDate,P2D,,Australia/Sydney,Australia/Sydney,
DateTime,cep_customer_features.inl_offr_supr_invt_grup,OFFR_SUPR_GROP_INST_LOG_DATE,GWPSuperLastVisitDate,P2D,,Australia/Sydney,Australia/Sydney,
DateTime,cep_customer_features.inl_offr_td,OFFR_TERM_DPST_INST_LOG_DATE,GWPTermDepositLastVisitDate,P2D,,Australia/Sydney,Australia/Sydney,
DateTime,cep_customer_features.inl_offr_wlth_grup,OFFR_WLTH_GROP_INST_LOG_DATE,GWPWealthLastVisitDate,P2D,,Australia/Sydney,Australia/Sydney,
BooleanString,cep_customer_features.gdw_trig_ofi_mnly_payt_gt_1k_flag,OFI_MNLY_PAYT_GT_1K_FLAG,OFIMonthlyPaymentOver1kFlag,P2D,,,,
Double,cep_customer_features.pj_onb_prsl_save_acct_baln_sum,ONB_PRSL_SAVE_ACCT_BALN_SUM,ONBPerslSaveAcctBalanceSum,P2D,,,,
Integer,cep_customer_features.pj_onb_prsl_save_acct_cnt,ONB_PRSL_SAVE_ACCT_CNT,ONBPersonalSavingsAcctCount,P2D,,,,
Integer,cep_customer_features.pj_onb_prsl_save_dep_last_3_mnth_cnt,ONB_PRSL_SAV_ACCT_DEP_3M_CNT,ONBPerslSaveAcctDeposit3M,P2D,,,,
Integer,cep_customer_features.pj_onb_prsl_tran_acct_cnt,ONB_PRSL_TRAN_ACCT_CNT,ONBPrslTransactionAcctCount,P2D,,,,
BooleanString,cep_customer_features.cust_12_mnth_no_ins_flag,ONE_YEAR_HL_ANV_NO_INS_F,HL12MonthAnniversaryAndNoIns,P2D,,,,
Integer,cep_customer_features.inl_onln_logn_ntb_all_last_3_mnth_cnt,ONLN_NTB_ALL_CNT_3M,CountOnlnNtbLogn3M,P2D,,,,
BooleanString,cep_customer_features.open_cpln_f,OPEN_CPLN_F,ComplaintOpenFlag,P2D,,,,
BooleanString,cep_customer_features.dirc_mrkt_opt_out_flag,OPT_OUT_DM_F,OptOutDM,P2D,,,,
BooleanString,cep_customer_features.emal_opt_out_flag,OPT_OUT_EMAIL_F,OptOutEmail,P2D,,,,
BooleanString,cep_customer_features.edm_new_pdct_opt_out_flag,OPT_OUT_EMAIL_NEW_PROD,OptOutEmailNewProd,P2D,,,,
BooleanString,cep_customer_features.edm_pdct_upgd_opt_out_flag,OPT_OUT_EMAIL_PROD_UPGD,OptOutEmailProdUpgd,P2D,,,,
BooleanString,cep_customer_features.any_opt_out_flag,OPT_OUT_MKT_F,OptOutMarketing,P2D,,,,
BooleanString,cep_customer_features.sms_any_opt_out_flag,OPT_OUT_SMS_F,OptOutSMS,P2D,,,,
BooleanString,cep_customer_features.sms_new_pdct_opt_out_flag,OPT_OUT_SMS_NEW_PROD,OptOutSMSNewProd,P2D,,,,
BooleanString,cep_customer_features.sms_pdct_upgd_opt_out_flag,OPT_OUT_SMS_PROD_UPGD,OptOutSMSProdUpgd,P2D,,,,
BooleanString,cep_customer_features.osea_flag,OVERSEAS,IsOverseas,P2D,,,,
BooleanString,cep_customer_features.supn_ins_paid_last_3_mnth_flag,PAID_SUPER_INS_3_MONTHS_F,SuperOrInsPaidToOFILast3Months,P2D,,,,
String,cep_customer_features.gcps_crcd_prsl_card_fmly_max_limt,PERSONAL_CARD_FMLY_MAX_LIMIT,PersonalCardFamilyMaxLimit,P2D,255,,,
Double,cep_customer_features.pj_onb_prsl_tran_acct_baln_sum,PERSONAL_TRAN_ACCT_BAL_SUM,SumPrslTransactionAccount,P2D,,,,
Integer,cep_customer_features.pj_term_dep_cnt,PJ_TD_CNT,CountTermDeposit,P2D,,,,
String,cep_customer_features.cmse_pl_app_id,PL_APPT_ID,PLApplicationId,P2D,20,,,
DateTime,cep_customer_features.cmse_low_lat_pl_app_ltst_dcln_date,PL_APPT_LAST_DECL_DATE,PLApplicationLastDeclineDate,P1D,,Australia/Sydney,Australia/Sydney,
String,cep_customer_features.pl_appt_pdct_type,PL_APPT_PDCT_TYPE,AppPLPdctType,P1D,150,,,
BooleanString,cep_customer_features.gdw_trig_pl_appt_with_ofi_hl_flag,PL_APPT_WITH_OFI_HL_FLAG,PLApplnWithOFIHLFlag,P2D,,,,
Integer,cep_customer_features.pl_cnt_num,PL_CNT_NUM,PLCount,P2D,,,,
Integer,cep_customer_features.hls_pl_dtdr_flag_cnt,PL_DTDR_CNT,CountDirectDebitsPL,P2D,,,,
String,cep_customer_features.hls_pl_dtdr_payt_freq,PL_DTDR_FREQ,PLRepayFreq,P2D,255,,,
Integer,cep_customer_features.hls_pl_fxrt_cnt,PL_FXRT_CNT,CountFixedRatePL,P2D,,,,
Integer,cep_customer_features.cmse_pl_app_chnl_id,PL_LAST_APPT_CHNL_ID,PLApplicationChannel,P2D,,,,
Integer,cep_customer_features.cmse_pl_app_ltst_stus,PL_LAST_APPT_STUS_CODE,PLApplicationStatus,P2D,,,,
DenseDateTime,cep_customer_features.cmse_pl_app_last_updt_date,PL_LAST_APPT_UPDT_DATE,PLApplicationLastUpdateDate,P2D,,Australia/Sydney,Australia/Sydney,
Integer,cep_customer_features.cmse_low_lat_pl_app_chnl_id,PL_LST_APPT_CHNL_ID,PLAppChannel,P1D,,,,
String,cep_customer_features.cmse_low_lat_pl_app_id,PL_LST_APPT_ID,PLAppID,P1D,25,,,
Integer,cep_customer_features.cmse_low_lat_pl_app_ltst_stus,PL_LST_APPT_STUS_CODE,PLAppStatus,P1D,,,,
String,cep_customer_features.cmse_low_lat_pl_app_ltst_stus_desc,PL_LST_APPT_STUS_DESC,PLLastApplicationStatusDesc,P1D,100,,,
DateTime,cep_customer_features.cmse_low_lat_pl_app_last_updt_date,PL_LST_APPT_UPDT_DATE,PLAppLastUpdateDate,P1D,,Australia/Sydney,Australia/Sydney,
String,cep_customer_features.pl_main_loan_purp,PL_MAIN_LOAN_PURP,PLMainLoanPurpose,P1D,150,,,
Double,cep_customer_features.pl_max_perc_rpay_v2,PL_MAX_RPAY_PERC,PLMaxPercentRepaid,P2D,,,,
Double,cep_customer_features.pl_min_perc_rpay_v2,PL_MIN_RPAY_PERC,PLMinPercentRepaid,P2D,,,,
Double,cep_customer_features.pl_sum_acct_baln,PL_SUM_ACCT_BALN,PersonalLoanAccountBalance,P2D,,,,
Double,cep_customer_features.pl_sum_amt_brwd,PL_SUM_AMT_BRWD_AMT,PLSumAmountBorrowed,P2D,,,,
Integer,cep_customer_features.hls_pl_vbrt_cnt,PL_VBRT_CNT,CountVariableRatePL,P2D,,,,
String,cep_customer_features.prtf_idnn,PORTFOLIO_ID,PortfolioId,P1D,255,,,
String,cep_customer_features.dummy_feature_name,PREFEERED_NAME,PreferredName,P2D,255,,,
BooleanString,cep_customer_features.gdw_trig_prme_bnkg_cust,PREMIER_BNKNG_CUST,PremierBankingCustomer,P2D,,,,
String,cep_customer_features.premier_oun,PREMIER_OUN,PremierOun,P2D,20,,,
Double,cep_customer_features.prev_minu_one_mnth_slry,PREV_MNTH_MINUS_ONE_SLRY_AMT,PreviousMonthMinusOneSalary,P2D,,,,
Double,cep_customer_features.prev_minu_two_mnth_slry,PREV_MNTH_MINUS_TWO_SLRY_AMT,PreviousMonthMinusTwoSalary,P2D,,,,
Double,cep_customer_features.prev_mnth_slry,PREV_MNTH_SLRY_AMT,PreviousMonthSalary,P2D,,,,
BooleanString,cep_customer_features.gdw_trig_pre_slct_crcd_flag,PRE_SELECT_CREDIT_CARD_FLAG,PreSelectCreditCard,P2D,,,,
Date,cep_customer_features.gdw_prim_empt_semp_date,PRIM_EMPT_SEMP_DATE,PrimEmptSempDate,P2D,,,,
BooleanString,cep_customer_features.prmr_flag,PRMR_FLAG,PremierCustomerFlag,P1D,,,,
OmniaModel,cep_models.prop_modl_bpay,PROPENSITY_MODEL_BPAY,PropensityBpay,P4D,,,,Bpay
Model,cep_customer_features.prop_modl_cr_lmit_incs,PROPENSITY_MODEL_CLI_SCORE,PropensityCLI,P4D,,,,
OmniaModel,cep_models.prop_modl_prem_fhc,PROPENSITY_MODEL_FHC_PR,PropensityFHCPremier,P1Y,,,,FHCMass2015
Model,cep_customer_features.prop_modl_hl,PROPENSITY_MODEL_HL_SCORE,PropensityHomeLoans,P1Y,,,,
OmniaModel,cep_models.prop_modl_miss_cust_dtls,PROPENSITY_MODEL_MISSING_DTL,PropensityMissingCustDetail,P1Y,,,,MissCustDetails2015
Model,cep_customer_features.prop_modl_pl,PROPENSITY_MODEL_PL_SCORE,PropensityPersonalLoans,P1Y,,,,
Model,cep_customer_features.prop_modl_ovdr,PROPENSITY_MODEL_POD_SCORE,PropensityPersonalOverdraft,P1Y,,,,
OmniaModel,cep_models.prop_modl_save,PROPENSITY_MODEL_SAVINGS,PropensitySavings,P1Y,,,,Savings2015
Integer,cep_customer_features.home_buy_prop_app_borr_calo_usge_07,PROP_APP_BORR_CALO_USGE_07,PopertyAppBorrowCalcUsge07,P1D,,,,
Integer,cep_customer_features.home_buy_prop_app_calo_usge_07,PROP_APP_CALO_USGE_07,PopertyAppCalculatorUsge07,P1D,,,,
Integer,cep_customer_features.home_buy_prop_app_calo_usge_30,PROP_APP_CALO_USGE_30,PopertyAppCalculatorUsge30,P1D,,,,
Integer,cep_customer_features.home_buy_prop_app_calo_usge_90,PROP_APP_CALO_USGE_90,PopertyAppCalculatorUsge90,P1D,,,,
Integer,cep_customer_features.home_buy_prop_app_fvrt_cnt_07,PROP_APP_FVRT_CNT_07,PopertyAppFavouriteCount07,P2D,,,,
Integer,cep_customer_features.home_buy_prop_app_fvrt_cnt_30,PROP_APP_FVRT_CNT_30,PopertyAppFavouriteCount30,P2D,,,,
Integer,cep_customer_features.home_buy_prop_app_fvrt_cnt_90,PROP_APP_FVRT_CNT_90,PopertyAppFavouriteCount90,P2D,,,,
DateTime,cep_customer_features.home_buy_prop_app_regr_date,PROP_APP_REGR_DATE,PopertyAppRegistrationDate,P2D,,Australia/Sydney,Australia/Sydney,
Integer,cep_customer_features.home_buy_prop_app_rpay_calo_usge_07,PROP_APP_RPAY_CALO_USGE_07,PopertyAppRpayCalcUsge07,P1D,,,,
Integer,cep_customer_features.home_buy_prop_app_srch_07,PROP_APP_SRCH_07,PopertyAppSearchCount07,P1D,,,,
Integer,cep_customer_features.home_buy_prop_app_srch_30,PROP_APP_SRCH_30,PopertyAppSearchCount30,P1D,,,,
Integer,cep_customer_features.home_buy_prop_app_srch_90,PROP_APP_SRCH_90,PopertyAppSearchCount90,P1D,,,,
Integer,cep_customer_features.home_buy_prop_app_upfr_calo_usge_07,PROP_APP_UPFR_CALO_USGE_07,PopertyAppUpfrontCalcUsge07,P1D,,,,
OmniaModel,cep_models.cbaapp,PROP_MODEL_CBA_APP,PropensityCbaApp,P1Y,,,,CBAApp
OmniaModel,cep_models.prop_modl_ccautopay,PROP_MODEL_CCAUTOPAY,PropensityCCAutoPay,P1Y,,,,CCAutoPay
OmniaModel,cep_models.prop_modl_everydayoffset,PROP_MODEL_EVERYDAYOFFSET,PropensityEverydayOffset,P1Y,,,,EverydayOffset
OmniaModel,cep_models.prop_modl_prem_ckin_fhc,PROP_MODEL_FHC_CHCKIN_PR,PropensityFHCCheckInPremier,P1Y,,,,FHCMass2015
OmniaModel,cep_models.prop_modl_ckin_fhc,PROP_MODEL_FHC_CUST_CHCK,PropensityFHCCustCheckIn,P1Y,,,,FHCMass2015
OmniaModel,cep_models.prop_modl_mass_fhc,PROP_MODEL_FHC_MSS_SCORE,PropensityFHCMass,P1Y,,,,FHCMass2015
OmniaModel,cep_models.prop_modl_homecontentinsurance,PROP_MODEL_HOMEINSURANCE,PropensityHomeInsurance,P1Y,,,,HomeContentInsurance
OmniaModel,cep_models.prop_modl_lpi,PROP_MODEL_LOANPROTECTION,PropensityLoanProtection,P1Y,,,,LPI
OmniaModel,cep_models.nbregistration,PROP_MODEL_NB_REGR,PropensityNetbankRegistration,P1Y,,,,NBRegistration
Model,cep_customer_features.prop_modl_crcd,PROP_MODEL_PERS_CC_SCORE,PropensityPersonalCC,P1Y,,,,
OmniaModel,cep_models.prop_modl_icmp_pl_appt,PROP_MODEL_PL_APP_INCOMP,PropensityIncompleteAppPL,P1Y,,,,IncompleteAppPL2015
OmniaModel,cep_models.prop_modl_salarycredit,PROP_MODEL_SALARYCREDIT,PropensitySalaryCredit,P1Y,,,,SalaryCredit
OmniaModel,cep_models.prop_modl_simplebusinessoverdraft,PROP_MODEL_SBOD,PropensitySimpleBusinessOverdraft,P1Y,,,,SimpleBusinessOverdraft
Double,cep_customer_features.cfam_awrd_acqn_1b,PROP_MODL_CFAM_AWRD_ACQN_1B,PropensityCardFamAwrdAcqn1B,P2D,,,,
Double,cep_customer_features.cfam_lrlf_acqn_1b,PROP_MODL_CFAM_LRLF_ACQN_1B,PropensityCardFamLRLFAcqn1B,P2D,,,,
Double,cep_customer_features.cfam_plbc_acqn_1b,PROP_MODL_CFAM_PLBC_ACQN_1B,PropensityCardFamPLBCAcqn1B,P2D,,,,
Double,cep_customer_features.cfam_prem_acqn_1b,PROP_MODL_CFAM_PREM_ACQN_1B,PropensityCardFamPremAcqn1B,P2D,,,,
Model,cep_customer_features.prop_modl_cfp_acq,PROP_MODL_CFP_ACQ,PropModlCFPAcquisition,P1Y,,,,
Double,cep_customer_features.crcd_acqn_1s,PROP_MODL_CRCD_ACQN_1S,PropensityCRCDAcqn1S,P2D,,,,
Model,cep_customer_features.prop_modl_cust_chnl_dmc,PROP_MODL_CUST_CHNL_DMC,PropModlCustChnlDmc,P1Y,,,,
Model,cep_customer_features.prop_modl_cust_chnl_nbb,PROP_MODL_CUST_CHNL_NBB,PropModlCustChnlNbb,P1Y,,,,
Model,cep_customer_features.prop_modl_cust_chnl_poc,PROP_MODL_CUST_CHNL_POC,PropModlCustChnlPoc,P1Y,,,,
Model,cep_customer_features.prop_modl_cust_chnl_uib,PROP_MODL_CUST_CHNL_UIB,PropModlCustChnlUib,P1Y,,,,
Double,cep_customer_features.esnt_supr_acqn_1s,PROP_MODL_ESNT_SUPR_ACQN_1S,PropensitySuperAcqn1S,P2D,,,,
Double,cep_customer_features.fncl_advc_d,PROP_MODL_FNCL_ADVC_1D,FinancialAdvice1DScore,P2D,,,,
Double,cep_customer_features.hlpr_insr_acqn_1s,PROP_MODL_HLPR_INSR_ACQN_1S,PropensityHlprInsrAcqn1s,P2D,,,,
Double,cep_customer_features.prop_modl_hl_acq_swit_v2,PROP_MODL_HL_ACQ_SWIT,PropModlHlAcqSwit,P1Y,,,,
Model,cep_customer_features.prop_modl_hl_ext_rfnc_0_to_90,PROP_MODL_HL_EXT_RFNC_0_90,PropModlHLExtRfnc0To90,P1Y,,,,
Model,cep_customer_features.prop_modl_hl_ext_rfnc_90_to_180,PROP_MODL_HL_EXT_RFNC_90_180,PropModlHLExtRfnc90To180,P1Y,,,,
Model,cep_customer_features.prop_modl_hl_frm,PROP_MODL_HL_FIX_RATE_MTUR,PropModlHLFixRateMaturity,P1Y,,,,
Model,cep_customer_features.prop_modl_hl_rdrw,PROP_MODL_HL_REDRAW,PropModlHLRedraw,P1Y,,,,
Model,cep_customer_features.prop_modl_hl_top_up,PROP_MODL_HL_TOP_UP,PropModlHLTopUp,P1Y,,,,
Double,cep_customer_features.home_insr_acqn_1s,PROP_MODL_HOME_INSR_ACQN_1S,PropensityHomeInsrAcqn1s,P2D,,,,
Double,cep_customer_features.home_loan_acqn_1s,PROP_MODL_HOME_LOAN_ACQN_1S,PropensityHomeLoanAcqn1S,P2D,,,,
Double,cep_customer_features.motr_insr_acqn_1s,PROP_MODL_MOTR_INSR_ACQN_1S,PropensityMotrInsrAcqn1s,P2D,,,,
Double,cep_customer_features.nbsa_atrn_2018,PROP_MODL_NBSA_ATRN_2018,PropensityNBSAATRN,P2D,,,,
Double,cep_customer_features.prsl_loan_acqn_1s,PROP_MODL_PRSL_LOAN_ACQN_1S,PropensityPrslLoanAcqn1S,P2D,,,,
Double,cep_customer_features.prsl_loan_rdrw_1b,PROP_MODL_PRSL_LOAN_RDRW_1B,PropensityPrslLoanRdrw1b,P2D,,,,
Double,cep_customer_features.prsl_loan_turf_1b,PROP_MODL_PRSL_LOAN_TURF_1B,PropensityPrslLoanTurf1b,P2D,,,,
Double,cep_customer_features.prsl_ovdr_acqn_1b,PROP_MODL_PRSL_OVDR_ACQN_1B,PropensityPrslOvdrAcqn1B,P2D,,,,
Double,cep_customer_features.rght_paty_cnnc,PROP_MODL_RGHT_PATY_CNNT,PropensityRghtPatyCnnt,P2D,,,,
Model,cep_customer_features.prop_modl_sb_semp_scor,PROP_MODL_SB_SEMP_SCOR,PropModlSBSempScor,P1M,,,,
Double,cep_customer_features.smal_busn_look,PROP_MODL_SMAL_BUSN_LOOK,PropensitySmallBusnLookalike,P2D,,,,
Double,cep_customer_features.smsf_acqr,PROP_MODL_SMSF_ACQR,SMSFAcqScore,P2D,,,,
Double,cep_customer_features.tran_acct_look,PROP_MODL_TRAN_ACCT_LOOK,PropensityTranLook,P2D,,,,
Integer,cep_customer_features.crcd_prsl_cnt_has_amex,PRSL_AMEX_CNT,CountPrslAmex,P2D,,,,
Integer,cep_customer_features.pj_onb_prsl_tran_dep_last_3_mnth_cnt,PRSL_TRAN_ACCT_DEP_CNT_3M,CountPrslTranAcctDeposit3M,P2D,,,,
Integer,cep_customer_features.pj_prsl_tran_dtdr_last_1_mnth_cnt,PRSL_TRAN_DTDR_CNT_1_MNTH,CountPersTranDirDeb1M,P2D,,,,
Integer,cep_customer_features.pj_prsl_tran_trnf_app_last_3_mnth_cnt,PRSL_TRAN_TRNF_APP_3M,CountTrnfAppPrslTran3M,P2D,,,,
DenseDate,cep_customer_features.cust_prtf_d,PRTF_ORIG_CUST_REL_ESTB_D,CustomerPortfolioStartDate,P1D,,,,
BooleanString,cep_customer_features.gdw_trig_prvt_bnkg_cust,PRVT_BNKNG_CUST,PrivateBankingCustomer,P2D,,,,
BooleanString,cep_customer_features.prvt_flag,PRVT_FLAG,PrivateCustomerFlag,P1D,,,,
BooleanString,cep_customer_features.qwik_and_stnd_rsvl_6m_flag,QWIK_AND_STND_RSVL_6M_FLAG,QuickandStandardResolve6M,P2D,,,,
BooleanString,cep_customer_features.rbs_flag,RBS_FLAG,IsRBSCustomer,P1D,,,,
String,cep_customer_features.rdo1865_f,RDO1865_F,Rdo1865F,P1D,2,,,
Date,cep_customer_features.rdo1865_paymentdate,RDO1865_PAYMENTDATE,RdoPaymentDate,P1D,,,,
BooleanString,cep_customer_features.regr_mobl_payt,REGR_MOBL_PAYT,CustRegisteredForMobPymts,P2D,,,,
BooleanString,cep_customer_features.rel_mnge_flag,REL_MNGE_FLAG,RelationshipManagedFlag,P1D,,,,
Double,cep_customer_features.pj_onb_retl_save_acct_baln_sum,RETAIL_SAVINGS_ACCT_BAL_SUM,SumRetailSavingsAccount,P2D,,,,
Integer,cep_customer_features.pj_onb_retl_save_dep_last_3_mnth_cnt,RETAIL_SAV_ACCT_DEP_CNT_3M,CountRetlSavAcctDeposit3M,P2D,,,,
BooleanString,cep_customer_features.retn_to_send_flag,RETURN_TO_SENDER_F,ReturnToSenderFlag,P2D,,,,
BooleanString,cep_customer_features.rm_flag,RM_F,IsRelationshipManaged,P2D,,,,
String,cep_customer_features.rm_flag_td,RM_FLAG_TD,RMFlagForTermDeposit,P2D,50,,,
String,cep_customer_features.rm_idnn,RM_ID,RMId,P1D,25,,,
String,cep_customer_features.routed_lender_id,ROUTED_LENDER_ID,RoutedLenderId,P1D,20,,,
BooleanString,cep_customer_features.rurl_agri_busn_cust,RURL_AGRI_BUSN_CUST,RurlAgriBusnCustomer,P1D,,,,
String,cep_customer_features.sale_grup_idnn,SALE_GRUP_IDNN,SalesGroupIdnn,P1D,20,,,
BooleanString,cep_customer_features.sap_bp_tfn_flag_v2,SAP_BP_TFN_FLAG,HasTFN,P2D,,,,
Double,cep_customer_features.sum_acct_baln_save_prsl,SAVINGS_ACCT_BALN_AMT,SavingsAccountPersonalBalance,P2D,,,,
BooleanString,cep_customer_features.gdw_trig_sa_nt_pilt_cust_flag_v2,SA_NT_PILOT_CUSTOMER_FLAG,SouthAusNortTerPilotCustomer,P1D,,,,
DenseDateTime,cep_customer_features.cmse_low_lat_sbo_appt_last_dcln_date,SBO_APPT_LAST_DECL_DATE,SBOAppLastDeclineDate,P2D,,Australia/Sydney,Australia/Sydney,
DenseDateTime,cep_customer_features.cmse_low_lat_sbo_appt_last_refr_date,SBO_APPT_LAST_REFER_DATE,SBOLastReferredDate,P2D,,Australia/Sydney,Australia/Sydney,
String,cep_customer_features.sbo_cust_need_code,SBO_CUST_NEED_CODE,SBOCustomerNeedCode,P2D,10,,,
String,cep_customer_features.sbo_cust_need_desn,SBO_CUST_NEED_DESC,SBOCustomerNeedDesc,P2D,50,,,
BooleanString,cep_customer_features.gdw_trig_sbo_flag,SBO_FLAG,SboFlag,P2D,,,,
DenseDateTime,cep_customer_features.cmse_low_lat_sbo_appt_last_stus_date,SBO_LAST_APPT_STUS_CODE_DATE,SBOAppLastStatusDate,P2D,,Australia/Sydney,Australia/Sydney,
String,cep_customer_features.cmse_low_lat_sbo_appt_last_stus_desn,SBO_LAST_APPT_STUS_CODE_DESC,SBOAppLastStatusDesc,P2D,100,,,
Double,cep_customer_features.sbo_papp_amt,SBO_PAPP_AMT,SBOPreApprovedAmt,P2D,,,,
Date,cep_customer_features.sbo_papp_efft_date,SBO_PAPP_EFFT_DATE,SBOPreApprovalEffectiveDate,P2D,,,,
Date,cep_customer_features.sbo_papp_expy_date,SBO_PAPP_EXPY_DATE,SBOPreApprovalExpiryDate,P2D,,,,
String,cep_customer_features.sbo_papp_type,SBO_PAPP_TYPE,SBOPreApprovalType,P2D,10,,,
String,cep_customer_features.servicensw_12m_f,SERVICENSW_12M_F,ServiceNSW12mF,P1D,2,,,
Date,cep_customer_features.sg_busn_revw_ltst_date,SG_BUSN_REVW_LTST_DATE,SalesGroupLatestBRDate,P1D,,,,
BooleanString,cep_customer_features.sale_grup_prim_clnt_flag,SG_PRIM_CLNT_FLAG,IsSGPrimaryClient,P1D,,,,
Integer,cep_customer_features.cmse_smpl_home_seek_flag_cnt,SIMPLE_HOME_SEEKER_FLAG_CNT,SimpleHomeSeekerFlagCount,P2D,,,,
BooleanString,cep_customer_features.gdw_trig_smal_busn_cust,SMAL_BUSN_CUST,SmallBusinessCustomer,P2D,,,,
BooleanString,cep_customer_features.cse_cust_idnn_fail_flag,STAFF_FAIL_ID_CUST,StaffFailIDCust,P1D,,,,
Double,cep_customer_features.sum_acct_baln_pdct_hl,SUM_ACCT_BALN_HL_AMT,HomeLoanAccountBalance,P2D,,,,
Double,cep_customer_features.sum_acct_baln_pdct_vloc,SUM_ACCT_BALN_PDCT_VLOC_AMT,VLOCAccountBalance,P2D,,,,
Double,cep_customer_features.sum_mnth_acct_fees,SUM_FEES_MNTH_ACCT_AMT,SumMonthlyAccountKeepingFees,P2D,,,,
BooleanString,ect.t2_recruitment_eligibility,T2_RECRUITMENT_ELIGIBILITY,Tier2RecruitmentEligibility,P1Y,,,,
String,ect.t3_experimental_group,T3_EXPERIMENTAL_GROUP,Tier3ExperimentalGroup,P1Y,10,,,
Double,cep_customer_features.pj_term_dep_baln_curr_sum,TD_BALN_CURR,CurrBalanceTermDeposit,P2D,,,,
BooleanString,cep_customer_features.thrd_paty_cust_flag,THIRD_PARTY_CUST,IsThirdPartyCustomer,P2D,,,,
String,cep_customer_features.dummy_feature_name,TITLE_CODE,Title,P2D,15,,,
Date,cep_customer_features.tmc_acct_ltst_clse_date,TMC_ACCT_LTST_CLSE_DATE,TMCLatestCloseDate,P1D,,,,
Date,cep_customer_features.tmc_acct_ltst_open_date,TMC_ACCT_LTST_OPEN_DATE,TMCLatestAcctOpenDate,P1D,,,,
DenseDate,cep_aar.ycs_acct_ltst_rlod_date,TMC_ACCT_LTST_RLOD_DATE,TMCLatestReloadDate,P2D,,,,
String,cep_customer_features.toll_12m_flag,TOLL_12M_FLAG,TollFlag12M,P2D,2,,,
Double,cep_customer_features.toll_sum_3m,TOLL_SUM_3M,TollSum3M,P2D,,,,
Double,cep_customer_features.sum_tran_acct_baln_prsl,TRAN_ACCT_BALN_AMT,TransactionAccountBalance,P2D,,,,
Integer,cep_customer_features.pj_prsl_tran_bpay_last_3_mnth_cnt,TRAN_BPAY_CNT_3_MNTH,CountOfBpayTrxLast3M,P2D,,,,
Integer,cep_customer_features.pj_prsl_tran_bpay_last_6_mnth_cnt,TRAN_BPAY_CNT_6_MNTH,CountOfBpayTrxLast6M,P2D,,,,
Double,cep_customer_features.tran_acct_prsl_sum_dish_fee,TRAN_SUM_DISHONOUR_FEES_AMT,TxAccountSumDishonourFees,P2D,,,,
Integer,cep_customer_features.pj_prsl_tran_trnf_ntb_last_3_mnth_cnt,TRFR_LAST_3_MNTH_CNT,CountOfNBankTransfers3Month,P2D,,,,
Date,cep_customer_features.trvl_end_date,TRVL_END_DATE,CustTravelReturnDate,P2D,,,,
Date,cep_customer_features.trvl_strt_date,TRVL_STRT_DATE,CustTravelDepartureDate,P2D,,,,
Double,cep_customer_features.tran_acct_prsl_sum_oapf,TRX_SUM_OVDR_APP_FEES_AMT,TxAccountSumODApprovalFees,P2D,,,,
BooleanString,cep_customer_features.gdw_trig_ul_ofi_flag,UL_OFI_FLAG,UnLOFIFlag,P2D,,,,
Double,cep_customer_features.vtb_cr_lmit_incs,VFP_CLI_SCORE,ValueFinPosCLI,P1Y,,,,
Double,cep_customer_features.vtb_clv,VFP_CLV,ValueFinPosClv,P1Y,,,,
Double,cep_customer_features.vtb_prem_ckin_fhc,VFP_FHC_CHCKIN_PR,ValueFinPosFHCCheckInPremier,P1Y,,,,
Double,cep_customer_features.vtb_clv,VFP_FHC_CUST_CHCK,ValueFinPosFHCCustCheckIn,P1Y,,,,
Double,cep_customer_features.vtb_mass_fhc,VFP_FHC_MSS_SCORE,ValueFinPosFHCMass,P1Y,,,,
Double,cep_customer_features.vtb_prem_fhc,VFP_FHC_PR,ValueFinPoslFHCPremier,P1Y,,,,
Double,cep_customer_features.vtb_hl,VFP_HL_SCORE,ValueFinPosHomeLoans,P1Y,,,,
Double,cep_customer_features.vtb_miss_cust_dtls,VFP_MISSING_DTL,ValueFinPosMissingCustDetails,P1Y,,,,
Double,cep_customer_features.vtb_crcd,VFP_PERS_CC_SCORE,ValueFinPosPersonalCC,P1Y,,,,
Double,cep_customer_features.vtb_icmp_pl_appt,VFP_PL_APP_INCOMP,ValueFinPosIncompleteAppPL,P1Y,,,,
Double,cep_customer_features.vtb_pl,VFP_PL_SCORE,ValueFinPosPersonalLoans,P1Y,,,,
Double,cep_customer_features.vtb_ovdr,VFP_POD_SCORE,ValueFinPosPersonalOverdraft,P1Y,,,,
Double,cep_customer_features.vtb_save,VFP_SAVINGS,ValueFinPosSavings,P1Y,,,,
String,cep_customer_features.visa_type,VISA_TYPE,VisaType,P1D,20,,,
Double,cep_customer_features.vloc_sum_acct_limt,VLOC_SUM_ACCT_LIMT,VLOCSumAccountLimit,P2D,,,,
BooleanString,cep_customer_features.opt_out_web_new_prod,WEB_NP_OPT_OUT_F,WebNewProdOptOutFlag,P1D,,,,
BooleanString,cep_customer_features.opt_out_web_prod_upgd,WEB_PU_OPT_OUT_F,WebProdUpgrdOptOutFlag,P1D,,,,
Double,cep_customer_features.wlth_pack_annl_fee,WLTH_PACK_ANNL_FEE,WlthPackAnnlFee,P2D,,,,
Integer,cep_customer_features.wlth_pack_cnt,WLTH_PACK_CNT,CountWealthPackage,P2D,,,,
Double,cep_customer_features.wlth_pack_estb_fee,WLTH_PACK_ESTB_FEE,WlthPackEstbFee,P2D,,,,
String,cep_customer_features.wlth_pack_fee_exmt_id,WLTH_PACK_FEE_EXMT_ID,WlthPackFeeExmtID,P2D,20,,,
String,cep_customer_features.wlth_pack_fee_exmt_reas,WLTH_PACK_FEE_EXMT_REAS,WlthPackFeeExmtReas,P2D,20,,,
Date,cep_customer_features.wlth_pack_rnew_date,WLTH_PACK_RNEW_DATE,WlthPackRnewDate,P2D,,,,
Date,cep_customer_features.wlth_pack_strt_date,WLTH_PACK_STRT_DATE,WlthPackStrtDate,P2D,,,,
String,cep_customer_features.wlth_pack_type_id,WLTH_PACK_TYPE_ID,WlthPackTypeId,P2D,20,,,
